time_increment,realtime,machine[3].lat,machine[3].lng,machine[3].technical_data.engine_revolutions,machine[3].technical_data.fuel_consumption,machine[3].technical_data.vehicle_payload
0,15:02.0,51.39591285,8.262373445,1522.125,7.1,0
1,15:04.0,51.39590622,8.262378115,1522.75,7.2,0
2,15:06.0,51.39590352,8.262402492,1523.25,7.85,0
3,15:08.0,51.39590069,8.262405579,1523.75,7.95,0
4,15:10.0,51.39589511,8.262419461,1524.625,8,0
5,15:12.0,51.39589146,8.262451353,1523.875,8.05,0
6,15:14.0,51.39588701,8.262500092,1523,8.05,0
7,15:16.0,51.3958855,8.262517721,1522.75,8.65,0
8,15:18.0,51.39588716,8.262524422,1522.375,9.8,0
9,15:20.0,51.39589194,8.262527387,1521.75,10.45,0
10,15:22.0,51.39588436,8.262532071,1521.5,11.15,0
11,15:24.0,51.39588353,8.26253894,1521.75,11.85,0
12,15:26.0,51.39588794,8.262560183,1522.75,11.4,0
13,15:28.0,51.39588647,8.262565496,1522.25,10.35,0
14,15:30.0,51.39588268,8.262567078,1521.75,9.8,0
15,15:32.0,51.39588088,8.262570195,1521.75,9.2,0
16,15:34.0,51.39588031,8.262575711,1521.25,9.8,0
17,15:36.0,51.39588285,8.26259445,1521.25,9.8,0
18,15:38.0,51.3958848,8.262602023,1521.25,9.75,0
19,15:40.0,51.39588861,8.262603483,1521.75,10.4,0
20,15:42.0,51.39588868,8.262614127,1521.75,12.1,0
21,15:44.0,51.39588862,8.262628095,1521.25,13.45,0
22,15:46.0,51.3958869,8.262633927,1521,13.6,0
23,15:48.0,51.39588026,8.262637075,1520.5,13.85,0
24,15:50.0,51.39587839,8.262641456,1520,15.25,0
25,15:52.0,51.39587777,8.262648581,1520.875,17.85,0
26,15:54.0,51.39588043,8.262664448,1521.75,19.25,0
27,15:56.0,51.39588524,8.262671974,1522.125,20.8,0
28,15:58.0,51.39588763,8.262686658,1521.75,22.4,0
29,16:00.0,51.39588707,8.26269221,1521.625,23.35,0
30,16:02.0,51.39588538,8.262694785,1521.75,24.3,0
31,16:04.0,51.39588158,8.262694846,1521.125,25.25,0
32,16:06.0,51.39587983,8.262702148,1520.375,24.15,0
33,16:08.0,51.39588168,8.262711573,1520.125,21.3,0
34,16:10.0,51.39588551,8.262714554,1520.875,17.6,0
35,16:12.0,51.39588828,8.262721404,1521.625,15.2,0
36,16:14.0,51.39588943,8.262732155,1522.125,13.6,0
37,16:16.0,51.39588845,8.262741122,1523.25,10.75,0
38,16:18.0,51.3958857,8.262744968,1523.375,8.65,0
39,16:20.0,51.39588284,8.262745014,1523.75,6.6,0
40,16:22.0,51.39588257,8.262747628,1524.125,4.7,0
41,16:24.0,51.39588866,8.262761649,1522.625,3.4,0
42,16:26.0,51.39588596,8.262786026,1522.625,3.3,0
43,16:28.0,51.3958921,8.262822816,1524.625,3.3,0
44,16:30.0,51.39589193,8.262829576,1524.125,3.35,0
45,16:32.0,51.39589007,8.262834627,1522.125,2.85,0
46,16:34.0,51.39588629,8.26283925,1522.75,3.4,0
47,16:36.0,51.39588634,8.262846854,1523,3.95,0
48,16:38.0,51.39588919,8.262846808,1522,5.1,0
49,16:40.0,51.39588928,8.262860494,1520.625,5.65,0
50,16:42.0,51.3958921,8.262855886,1522.125,5.7,0
51,16:44.0,51.39589106,8.262840694,1523.75,5.2,0
52,16:46.0,51.39589304,8.262855157,1521.625,5.75,0
53,16:48.0,51.39589214,8.262861969,1520.125,5.8,0
54,16:50.0,51.39588767,8.262863478,1520.875,6.45,0
55,16:52.0,51.39588453,8.262862091,1520.375,7.15,345
56,16:54.0,51.39588447,8.262852967,1522.125,9.5,345
57,16:56.0,51.3958854,8.26284839,1523.75,12.95,345
58,16:58.0,51.39588479,8.262868077,1518.75,16.5,345
59,17:00.0,51.39588652,8.262875746,1517.625,15.65,345
60,17:02.0,51.39589225,8.262878696,1519,16,345
61,17:04.0,51.39589124,8.262869588,1520.125,16.8,345
62,17:06.0,51.39588743,8.262869649,1519.25,17.6,345
63,17:08.0,51.39588748,8.262877252,1519.25,17.3,786
64,17:10.0,51.39589226,8.262880217,1519.25,17.45,786
65,17:12.0,51.39589252,8.262873904,1519,18.1,786
66,17:14.0,51.39589026,8.262865041,1518.625,19.3,786
67,17:16.0,51.39588559,8.262878803,1517.625,19.35,1025
68,17:18.0,51.39588122,8.262907877,1518.125,20.05,1025
69,17:20.0,51.39588206,8.262916806,1519,19.45,1025
70,17:22.0,51.3958849,8.262921398,1518.875,19.5,1025
71,17:24.0,51.39589157,8.262922812,1518.125,20.7,1025
72,17:26.0,51.39589161,8.262928895,1517.625,22,1025
73,17:28.0,51.39588785,8.262936559,1517.75,22.05,1025
74,17:30.0,51.39588795,8.262951766,1516.625,22.65,1025
75,17:32.0,51.39588414,8.262951827,1516.625,22.7,1025
76,17:34.0,51.39588043,8.262965574,1517.25,23.35,1025
77,17:36.0,51.39587569,8.262968692,1518.625,23.45,1025
78,17:38.0,51.39587581,8.262988461,1518.125,23.5,1025
79,17:40.0,51.39587393,8.262991533,1517.5,22.95,1025
80,17:42.0,51.39587101,8.262980934,1517.5,23.5,1025
81,17:44.0,51.39586916,8.262990089,1517.25,23.6,1025
82,17:46.0,51.39586922,8.262999213,1516.375,23,1025
83,17:48.0,51.39587236,8.263001235,1516.125,23.6,1025
84,17:50.0,51.39587589,8.263000626,1517.125,22.9,1025
85,17:52.0,51.39587581,8.262988461,1517.25,21.5,1727
86,17:54.0,51.39587411,8.263020426,1516.625,18.7,1727
87,17:56.0,51.39587005,8.262979428,1516.625,17.2,1727
88,17:58.0,51.39586909,8.262992325,1516.625,15.75,1727
89,18:00.0,51.39587016,8.262997677,1516.125,13.65,1727
90,18:02.0,51.39587776,8.262996033,1515.75,11.55,1727
91,18:04.0,51.3958759,8.263002147,1516.125,10.1,1727
92,18:06.0,51.39587872,8.262997539,1516.625,8.1,1727
93,18:08.0,51.3958787,8.262992978,1516.625,7.4,2225
94,18:10.0,51.3958749,8.262994559,1516.125,7.1,2225
95,18:12.0,51.39587413,8.26299831,1516.125,7.2,2225
96,18:14.0,51.3958776,8.263013503,1515.875,7.85,2225
97,18:16.0,51.39587695,8.263017338,1515,7.95,2225
98,18:18.0,51.39587219,8.263017415,1514.625,8,2225
99,18:20.0,51.39587796,8.263027968,1514.625,8.05,2225
100,18:22.0,51.395878,8.26303405,1515.25,8.05,2225
101,18:24.0,51.39587326,8.263035648,1515.375,8.65,2710
102,18:26.0,51.39587331,8.263044772,1514.875,9.8,2710
103,18:28.0,51.39587518,8.263038659,1514.625,10.45,2710
104,18:30.0,51.39587617,8.263044726,1514.25,11.15,2710
105,18:32.0,51.39587767,8.263058532,1513.625,11.85,2710
106,18:34.0,51.39587629,8.263064495,1513,11.4,2710
107,18:36.0,51.39587059,8.263066108,1512.875,10.35,2710
108,18:38.0,51.39587065,8.263075231,1513,9.8,2710
109,18:40.0,51.3958773,8.263073604,1513,9.2,2710
110,18:42.0,51.39587914,8.26308072,1512.625,9.8,2710
111,18:44.0,51.39587834,8.263087275,1512.375,9.8,2710
112,18:46.0,51.39587358,8.263087351,1511.75,9.75,2710
113,18:48.0,51.39587161,8.263076737,1511.375,10.4,3225
114,18:50.0,51.39586781,8.263076798,1511.25,12.1,3225
115,18:52.0,51.39586783,8.26308136,1511.375,13.45,3225
116,18:54.0,51.39586789,8.263090485,1511.75,13.6,3225
117,18:56.0,51.39587361,8.263091914,1510.875,13.85,3225
118,18:58.0,51.39587465,8.263098481,1510.75,15.25,3225
119,19:00.0,51.3958737,8.26310712,1510.25,17.85,3225
120,19:02.0,51.39587272,8.263101053,1509,19.25,3558
121,19:04.0,51.39587543,8.263099644,1508.375,20.8,3558
122,19:06.0,51.39587842,8.263100961,1508.375,22.4,3558
123,19:08.0,51.3958794,8.263105508,1508.875,23.35,3558
124,19:10.0,51.39587181,8.263108672,1508.5,24.3,3558
125,19:12.0,51.39587375,8.263114724,1508,25.25,3558
126,19:14.0,51.39587563,8.263110131,1508.125,24.15,3558
127,19:16.0,51.39587412,8.263105517,1507.5,21.3,3558
128,19:18.0,51.39586986,8.263101099,1506.75,17.6,3558
129,19:20.0,51.39586804,8.263112764,1507.375,15.2,3558
130,19:22.0,51.39587,8.263122388,1508,13.6,3558
131,19:24.0,51.39587569,8.263120776,1507.375,10.75,3558
132,19:26.0,51.3958773,8.263127275,1507.375,8.65,3968
133,19:28.0,51.39587672,8.263132926,1506.375,6.6,3968
134,19:30.0,51.39587385,8.263129931,1504.625,4.7,3968
135,19:32.0,51.39587281,8.263116259,1503.25,3.4,3968
136,19:34.0,51.39586997,8.263117826,1503.875,3.3,3968
137,19:36.0,51.39587002,8.26312695,1504.375,3.3,3968
138,19:38.0,51.39587669,8.263128364,1502.625,3.35,3968
139,19:40.0,51.39588013,8.263134146,1502.75,2.85,3968
140,19:42.0,51.39588223,8.263144755,1504.625,3.4,3968
141,19:44.0,51.3958821,8.263155356,1503.875,3.95,3968
142,19:46.0,51.39587976,8.263161773,1501.625,5.1,3968
143,19:48.0,51.39587502,8.263164891,1500.875,5.65,3968
144,19:50.0,51.39587412,8.263169891,1501.125,5.7,4484
145,19:52.0,51.39587511,8.263178577,1501.125,5.2,4484
146,19:54.0,51.39587726,8.263186535,1499.375,5.75,4484
147,19:56.0,51.39587994,8.263190667,1499.25,5.8,4484
148,19:58.0,51.3958866,8.26319056,1500.5,6.45,4484
149,20:00.0,51.395889,8.263197544,1499.5,7.15,4484
150,20:02.0,51.39588774,8.263220957,1497.625,9.5,4484
151,20:04.0,51.39588785,8.263237686,1496.625,12.95,4484
152,20:06.0,51.39588502,8.263242293,1496.625,16.5,4484
153,20:08.0,51.39588381,8.263254865,1496.875,15.65,4484
154,20:10.0,51.39588995,8.263287506,1495.875,16,4484
155,20:12.0,51.39588941,8.263291995,1495.5,16.8,4484
156,20:14.0,51.39588725,8.263293966,1496.5,17.6,4484
157,20:16.0,51.39588249,8.263294043,1497,17.3,4484
158,20:18.0,51.39588044,8.263296342,1496.125,17.45,4484
159,20:20.0,51.39588028,8.263301789,1495.5,18.1,4484
160,20:22.0,51.39588704,8.263336055,1494.375,19.3,4484
161,20:24.0,51.3958866,8.263341231,1494.875,19.35,4484
162,20:26.0,51.39588471,8.263344194,1495.375,20.05,4484
163,20:28.0,51.39588186,8.263345761,1495.75,19.45,4484
164,20:30.0,51.39587745,8.263352195,1496.375,19.5,4484
165,20:32.0,51.39587606,8.263363644,1496.625,20.7,4484
166,20:34.0,51.39588229,8.263412671,1496.5,22,4484
167,20:36.0,51.39588879,8.263440204,1496.375,22.05,4484
168,20:38.0,51.39588885,8.26344559,1496.375,22.65,4484
169,20:40.0,51.39588727,8.263449091,1497,22.7,4484
170,20:42.0,51.39588253,8.263452209,1497.625,23.35,4484
171,20:44.0,51.39588163,8.263459828,1498.375,23.45,4484
172,20:46.0,51.39588464,8.263484114,1499.25,23.5,4484
173,20:48.0,51.39588183,8.263491762,1499.5,22.95,4484
174,20:50.0,51.39588069,8.26350255,1499.75,23.5,4484
175,20:52.0,51.39588199,8.263517614,1499.75,23.6,4484
176,20:54.0,51.39588493,8.263531254,1499.375,23,4484
177,20:56.0,51.3958802,8.263534372,1499.875,23.6,4484
178,20:58.0,51.39587846,8.263542888,1501.625,22.9,4484
179,21:00.0,51.39588032,8.263554141,1501.625,21.5,4484
180,21:02.0,51.39588416,8.263560163,1502.875,18.7,4484
181,21:04.0,51.39588704,8.263575798,1502.375,17.2,4484
182,21:06.0,51.39588441,8.263599701,1502.375,15.75,4484
183,21:08.0,51.39588069,8.263613448,1502.625,13.65,4484
184,21:10.0,51.39587961,8.263625464,1502.375,11.55,4484
185,21:12.0,51.39588082,8.263633217,1502.875,10.1,4484
186,21:14.0,51.39588466,8.263639238,1503.75,8.1,4484
187,21:16.0,51.39588505,8.263645096,1504.875,7.4,4484
188,21:18.0,51.39588194,8.263660574,1505.625,7.1,4484
189,21:20.0,51.39588207,8.263681864,1506.375,7.2,4484
190,21:22.0,51.39588498,8.263689422,1504.875,7.85,4484
191,21:24.0,51.39587838,8.263700173,1504.875,7.95,4484
192,21:26.0,51.39588129,8.263707731,1505.75,8,4484
193,21:28.0,51.39588222,8.263704674,1507.25,8.05,4484
194,21:30.0,51.39588229,8.263716839,1506.625,8.05,4484
195,21:32.0,51.39588799,8.263715227,1507.25,8.65,4484
196,21:34.0,51.39589086,8.263707834,1510,9.8,4484
197,21:36.0,51.39589258,8.263687778,1510.375,10.45,4484
198,21:38.0,51.39589367,8.263710574,1509.125,11.15,4484
199,21:40.0,51.39589864,8.263700477,1508.5,11.85,4998
200,21:42.0,51.39590022,8.263692218,1509.5,11.4,4998
201,21:44.0,51.3958959,8.263692606,1510.75,10.35,4998
202,21:46.0,51.39589167,8.263695397,1510,9.8,4998
203,21:48.0,51.39588893,8.263713691,1509.625,9.2,4998
204,21:50.0,51.39588749,8.263697807,1511.375,9.8,4998
205,21:52.0,51.39588596,8.263693968,1509,9.8,5335
206,21:54.0,51.39587934,8.263700158,1504.875,9.75,5335
207,21:56.0,51.39587691,8.263708293,1500,10.4,5335
208,21:58.0,51.39587658,8.26371541,1496,12.1,5335
209,22:00.0,51.39588066,8.263714147,1491,13.45,5335
210,22:02.0,51.39588699,8.263707639,1483.875,13.6,5335
211,22:04.0,51.39589075,8.263699974,1476.625,13.85,5335
212,22:06.0,51.39588879,8.263690881,1470.125,15.25,5335
213,22:08.0,51.39588792,8.263703062,1458.375,17.85,5335
214,22:10.0,51.3958943,8.263704518,1447.375,19.25,5335
215,22:12.0,51.39589555,8.263705981,1436.125,20.8,5335
216,22:14.0,51.39589557,8.263710543,1424.875,22.4,5835
217,22:16.0,51.39589412,8.263712366,1415.75,23.35,5835
218,22:18.0,51.39588608,8.263713737,1409.75,24.3,5835
219,22:20.0,51.39588328,8.263722907,1403.5,25.25,5835
220,22:22.0,51.39589179,8.263713645,1399.25,24.15,5835
221,22:24.0,51.39589641,8.263702524,1396,21.3,5835
222,22:26.0,51.39589738,8.263695305,1393.625,17.6,5835
223,22:28.0,51.39589169,8.263694619,1391.25,15.2,5835
224,22:30.0,51.39588503,8.263698545,1390.75,13.6,5835
225,22:32.0,51.39588128,8.26370621,1390.25,10.75,5835
226,22:34.0,51.39588136,8.263719896,1390.125,8.65,5835
227,22:36.0,51.39588314,8.263719718,1390.25,6.6,5835
228,22:38.0,51.39588655,8.263714427,1390.25,4.7,5835
229,22:40.0,51.39589264,8.263698423,1391.5,3.4,6223
230,22:42.0,51.3958935,8.263683201,1391,3.3,6223
231,22:44.0,51.39589685,8.263703951,1390.625,3.3,6223
232,22:46.0,51.39589689,8.263712147,1390.875,3.35,6223
233,22:48.0,51.3958956,8.263715104,1391.375,2.85,6223
234,22:50.0,51.39589033,8.263713204,1391,3.4,6223
235,22:52.0,51.395887,8.26370916,1391,3.95,6223
236,22:54.0,51.39588601,8.263703092,1391,5.1,6223
237,22:56.0,51.39588887,8.263703046,1392,5.65,6223
238,22:58.0,51.39589191,8.263707966,1392.875,5.7,6686
239,23:00.0,51.39589274,8.263713629,1391,5.2,6686
240,23:02.0,51.39588892,8.26371217,1390.625,5.75,6686
241,23:04.0,51.39588692,8.263706702,1391.5,5.8,6686
242,23:06.0,51.39588595,8.263692447,1392.125,6.45,6686
243,23:08.0,51.39588512,8.263712231,1391.375,7.15,6686
244,23:10.0,51.39588508,8.263706149,1391.25,9.5,6686
245,23:12.0,51.39588805,8.263703988,1390.75,12.95,6686
246,23:14.0,51.39589458,8.263704475,1391.5,16.5,6686
247,23:16.0,51.39588938,8.263704637,1392.125,15.65,7087
248,23:18.0,51.39588698,8.263706118,1391.25,16,7087
249,23:20.0,51.39588705,8.263716763,1390.75,16.8,7087
250,23:22.0,51.39589011,8.263719409,1390.375,17.6,7087
251,23:24.0,51.39589373,8.263719697,1390.25,17.3,7087
252,23:26.0,51.39589502,8.263714066,1389.75,17.45,7087
253,23:28.0,51.39589458,8.263704475,1389.625,18.1,7087
254,23:30.0,51.39588897,8.263719774,1389.5,19.3,7402
255,23:32.0,51.39588556,8.263716434,1389.125,19.35,7402
256,23:34.0,51.39588321,8.263710741,1387.5,20.05,7402
257,23:36.0,51.39588317,8.263704659,1386.25,19.45,7402
258,23:38.0,51.39587746,8.26370475,1385.75,19.5,7402
259,23:40.0,51.39587454,8.263694151,1385.75,20.7,7402
260,23:42.0,51.39587319,8.263679111,1385.25,22,7402
261,23:44.0,51.39587514,8.263637871,1385.5,22.05,7857
262,23:46.0,51.39586972,8.263610931,1386.25,22.65,7857
263,23:48.0,51.39587014,8.26359993,1387,22.7,7857
264,23:50.0,51.39587389,8.263590744,1386.625,23.35,7857
265,23:52.0,51.39587604,8.263576836,1385.25,23.45,7857
266,23:54.0,51.39587554,8.263549655,1386,23.5,7857
267,23:56.0,51.39587226,8.263482791,1385.125,22.95,7857
268,23:58.0,51.39586865,8.263445173,1384,23.5,7857
269,24:00.0,51.39586976,8.263437188,1385.125,23.6,7857
270,24:02.0,51.3958729,8.263432593,1385.625,23,7857
271,24:04.0,51.39587574,8.263431027,1385.5,23.6,7857
272,24:06.0,51.3958771,8.263425784,1385.75,22.9,7857
273,24:08.0,51.39587237,8.263406544,1384.625,21.5,7857
274,24:10.0,51.39587269,8.263399138,1382.625,18.7,7857
275,24:12.0,51.39587645,8.263392994,1381.625,17.2,7857
276,24:14.0,51.39587639,8.263382349,1381.5,15.75,7857
277,24:16.0,51.39587155,8.26337026,1381.5,13.65,7857
278,24:18.0,51.39587151,8.263362656,1382.125,11.55,7857
279,24:20.0,51.39587529,8.263359555,1382.75,10.1,7857
280,24:22.0,51.39587794,8.263354248,1383,8.1,7857
281,24:24.0,51.39587876,8.263346057,1383.375,7.4,7857
282,24:26.0,51.39587501,8.263315455,1383.875,7.1,7857
283,24:28.0,51.39587022,8.263297108,1383.875,7.2,7857
284,24:30.0,51.3958701,8.263289679,1383.25,7.85,7857
285,24:32.0,51.39587384,8.263280494,1383.875,7.95,7857
286,24:34.0,51.39587467,8.263270685,1384,8,7857
287,24:36.0,51.39587063,8.263246615,1384.375,8.05,7857
288,24:38.0,51.39587071,8.26323644,1384.625,8.05,7857
289,24:40.0,51.39587631,8.263218099,1385.5,8.65,7857
290,24:42.0,51.39587694,8.263204702,1384.875,9.8,7857
291,24:44.0,51.39587297,8.263169441,1382,10.45,7857
292,24:46.0,51.39587397,8.263161989,1381.625,11.15,7857
293,24:48.0,51.39587687,8.263157257,1381.625,11.85,7857
294,24:50.0,51.39588161,8.26315414,1380.5,11.4,7857
295,24:52.0,51.39588532,8.263144476,1381.125,10.35,7857
296,24:54.0,51.39588618,8.263123649,1382.375,9.8,7857
297,24:56.0,51.39588614,8.263117566,1383,9.2,7857
298,24:58.0,51.39588328,8.263117612,1383.75,9.8,7857
299,25:00.0,51.3958861,8.263111484,1383.5,9.8,7857
300,25:02.0,51.39588742,8.263101214,1382.625,9.75,7857
301,25:04.0,51.39588596,8.263088674,1382.75,10.4,7857
302,25:06.0,51.39588209,8.263078089,1382.375,12.1,7857
303,25:08.0,51.39588586,8.263073467,1382,13.45,7857
304,25:10.0,51.39589157,8.26305583,1382.75,13.6,7857
305,25:12.0,51.39589196,8.263047237,1383.375,13.85,7857
306,25:14.0,51.39589042,8.263041456,1383,15.25,7857
307,25:16.0,51.39588277,8.263035495,1382.75,17.85,7857
308,25:18.0,51.39588272,8.263027892,1382.75,19.25,7857
309,25:20.0,51.39588415,8.26301189,1382.125,20.8,7857
310,25:22.0,51.39589308,8.262961837,1381,22.4,7857
311,25:24.0,51.39589225,8.262948697,1380.875,23.35,7857
312,25:26.0,51.39588787,8.2629396,1380.875,24.3,7857
313,25:28.0,51.395885,8.262936604,1381,25.25,7857
314,25:30.0,51.39588321,8.262927818,1380.875,24.15,7857
315,25:32.0,51.39588489,8.262918356,1381.125,21.3,7857
316,25:34.0,51.39588961,8.262913718,1381.25,17.6,7857
317,25:36.0,51.39589167,8.262908951,1380.875,15.2,7857
318,25:38.0,51.39589202,8.26290226,1381.125,13.6,7857
319,25:40.0,51.39588677,8.262873227,1380.5,10.75,7857
320,25:42.0,51.39588643,8.262862061,1379.875,8.65,7857
321,25:44.0,51.3958948,8.262829988,1379.5,6.6,7857
322,25:46.0,51.39589579,8.26281763,1380,4.7,7857
323,25:48.0,51.39589468,8.26281174,1380,3.4,7857
324,25:50.0,51.39588799,8.262807286,1380.5,3.3,7857
325,25:52.0,51.39588808,8.262803542,1380.125,3.3,7857
326,25:54.0,51.39589359,8.262788945,1379.5,3.35,7857
327,25:56.0,51.39589354,8.262781342,1380,2.85,7857
328,25:58.0,51.39588775,8.262769268,1379.5,3.4,7857
329,26:00.0,51.39588433,8.262755958,1378.125,3.95,7857
330,26:02.0,51.39588367,8.262739699,1377.75,5.1,7857
331,26:04.0,51.39589097,8.262681901,1377.5,5.65,7857
332,26:06.0,51.39589183,8.262661223,1377.125,5.7,7857
333,26:08.0,51.39588799,8.2626303,1376.125,5.2,7857
334,26:10.0,51.3958887,8.262617169,1375.875,5.75,7857
335,26:12.0,51.39589714,8.262597262,1376,5.8,7857
336,26:14.0,51.39589719,8.262587425,1375.5,6.45,7857
337,26:16.0,51.39589312,8.262563868,1375,7.15,7857
338,26:18.0,51.39589683,8.262518164,1375,9.5,7857
339,26:20.0,51.39589579,8.262509254,1375.25,12.95,7857
340,26:22.0,51.39589274,8.26250304,1375,16.5,7857
341,26:24.0,51.39588987,8.262500046,1374.875,15.65,7857
342,26:26.0,51.39589461,8.262498448,1374.75,16,7857
343,26:28.0,51.39589589,8.262493554,1374,16.8,7857
344,26:30.0,51.39589246,8.262476418,1372.875,17.6,7857
345,26:32.0,51.39589253,8.262469586,1371.75,17.3,7857
346,26:34.0,51.39589722,8.262458864,1371.375,17.45,7857
347,26:36.0,51.39589743,8.262451353,1371.75,18.1,7857
348,26:38.0,51.39589399,8.262432832,1371,19.3,7857
349,26:40.0,51.39589511,8.26242696,1370.875,19.35,7857
350,26:42.0,51.39590269,8.262422276,1371.5,20.05,7857
351,26:44.0,51.39590258,8.262404028,1371,19.45,7857
352,26:46.0,51.39591208,8.262402354,1370.375,19.5,7857
353,26:48.0,51.39591496,8.262394377,1370.875,20.7,7857
354,26:50.0,51.39591485,8.262388622,1370.25,22,7857
355,26:52.0,51.3959101,8.262388699,1369.25,22.05,7857
356,26:54.0,51.39590955,8.262395114,1369.75,22.65,7857
357,26:56.0,51.39591209,8.262403875,1370,22.7,7857
358,26:58.0,51.3959182,8.262405614,1370.25,23.35,7857
359,27:00.0,51.3959235,8.262402171,1370.875,23.45,7857
360,27:02.0,51.39592438,8.26239151,1371,23.5,7857
361,27:04.0,51.39592033,8.262384905,1371,22.95,7857
362,27:06.0,51.39591807,8.262383402,1371.875,23.5,7857
363,27:08.0,51.39591673,8.26238403,1371,23.6,7857
364,27:10.0,51.3959158,8.262388607,1370.25,23,7637
365,27:12.0,51.39591672,8.262382509,1371,23.6,7637
366,27:14.0,51.39591386,8.262382555,1371.5,22.9,7637
367,27:16.0,51.39591171,8.26238955,1371.75,21.5,7637
368,27:18.0,51.39591302,8.262399297,1372.125,18.7,7637
369,27:20.0,51.39591606,8.262400895,1372.5,17.2,7417
370,27:22.0,51.39592064,8.262400696,1373.125,15.75,7417
371,27:24.0,51.39592375,8.262394677,1372.625,13.65,7417
372,27:26.0,51.39592465,8.26238131,1372.5,11.55,7417
373,27:28.0,51.39592296,8.262368479,1372.875,10.1,7417
374,27:30.0,51.39591945,8.262362694,1373.625,8.1,7197
375,27:32.0,51.39591374,8.262362786,1374,7.4,7197
376,27:34.0,51.39591161,8.262367083,1374.875,7.1,7197
377,27:36.0,51.39591083,8.262375759,1375.875,7.2,7197
378,27:38.0,51.39591172,8.262384409,1376.625,7.85,7197
379,27:40.0,51.3959139,8.262388638,1376.625,7.95,7197
380,27:42.0,51.39591961,8.262388546,1377,8,6977
381,27:44.0,51.39592059,8.262383212,1377,8.05,6977
382,27:46.0,51.39591953,8.26237638,1378.375,8.05,6977
383,27:48.0,51.3959157,8.262371879,1378.875,8.65,6977
384,27:50.0,51.39591284,8.262371925,1380,9.8,6977
385,27:52.0,51.39591184,8.262375878,1382.625,10.45,6977
386,27:54.0,51.39591292,8.262384091,1384.375,11.15,6757
387,27:56.0,51.39591961,8.262393611,1385,11.85,6757
388,27:58.0,51.3959235,8.262395811,1386,11.4,6757
389,28:00.0,51.39592535,8.262394536,1385.5,10.35,6757
390,28:02.0,51.39592531,8.262386933,1385.125,9.8,6757
391,28:04.0,51.39592244,8.262381684,1386.125,9.2,6537
392,28:06.0,51.39591669,8.262377946,1386.75,9.8,6537
393,28:08.0,51.3959124,8.262377076,1386.75,9.8,6537
394,28:10.0,51.39591003,8.262378054,1386.875,9.75,6537
395,28:12.0,51.3959101,8.26239022,1387.875,10.4,6537
396,28:14.0,51.39591272,8.262394089,1388.125,12.1,6537
397,28:16.0,51.39591843,8.262395985,1387.875,13.45,6537
398,28:18.0,51.39592735,8.262395483,1387.375,13.6,6317
399,28:20.0,51.39593295,8.262392893,1387.5,13.85,6317
400,28:22.0,51.39593042,8.262387747,1388.375,15.25,6317
401,28:24.0,51.39592324,8.26237917,1388.5,17.85,6317
402,28:26.0,51.3959167,8.262373308,1388.375,19.25,6097
403,28:28.0,51.39591284,8.262371925,1388,20.8,6097
404,28:30.0,51.39591153,8.262379545,1387.875,22.4,6097
405,28:32.0,51.3959142,8.26241366,1387.25,23.35,6097
406,28:34.0,51.3959122,8.262420602,1385.625,24.3,6097
407,28:36.0,51.3959016,8.262417133,1384.5,25.25,6097
408,28:38.0,51.39589804,8.262413749,1383.5,24.15,5877
409,28:40.0,51.39589691,8.262410202,1382.375,21.3,5877
410,28:42.0,51.39590065,8.262399496,1380.875,17.6,5877
411,28:44.0,51.39590445,8.262397217,1379.875,15.2,5877
412,28:46.0,51.39591711,8.262399633,1378.625,13.6,5877
413,28:48.0,51.39592062,8.262397654,1376.375,10.75,5877
414,28:50.0,51.39592156,8.262384006,1375,8.65,5657
415,28:52.0,51.39591951,8.262373338,1374.25,6.6,5657
416,28:54.0,51.39591294,8.262387132,1373.5,4.7,5657
417,28:56.0,51.39591512,8.262389407,1374,3.4,5657
418,28:58.0,51.39592138,8.262390164,1374,3.3,5657
419,29:00.0,51.39592938,8.262389029,1373.5,3.3,5657
420,29:02.0,51.39593197,8.262386825,1373.625,3.35,5437
421,29:04.0,51.39592336,8.26237936,1372.125,2.85,5437
422,29:06.0,51.3959165,8.262378016,1369.75,3.4,5437
423,29:08.0,51.39591099,8.262379559,1369.125,3.95,5437
424,29:10.0,51.39590765,8.262387753,1369.125,5.1,5437
425,29:12.0,51.39590663,8.262403025,1368.5,5.65,5437
426,29:14.0,51.39590838,8.262416294,1369,5.7,5437
427,29:16.0,51.39591221,8.262422123,1370.125,5.2,5437
428,29:18.0,51.39591792,8.262422031,1370.75,5.75,5437
429,29:20.0,51.39592262,8.262414351,1370.25,5.8,5437
430,29:22.0,51.39592258,8.262406748,1369,6.45,5437
431,29:24.0,51.39592022,8.262400882,1368.125,7.15,5217
432,29:26.0,51.39591585,8.26239621,1367.875,9.5,5217
433,29:28.0,51.39590918,8.262394796,1367.5,12.95,5217
434,29:30.0,51.3959082,8.262399634,1367.375,16.5,5217
435,29:32.0,51.39590928,8.262410004,1368.125,15.65,5217
436,29:34.0,51.395912,8.262420204,1368.625,16,4997
437,29:36.0,51.39591508,8.262425119,1369.125,16.8,4997
438,29:38.0,51.39591999,8.262421546,1371.375,17.6,4997
439,29:40.0,51.39592546,8.262411264,1370.25,17.3,4997
440,29:42.0,51.3959248,8.262407424,1369.75,17.45,4997
441,29:44.0,51.39592085,8.262403243,1370.25,18.1,4997
442,29:46.0,51.39589869,8.262390403,1371.375,19.3,4777
443,29:48.0,51.39590777,8.26239129,1370.25,19.35,4777
444,29:50.0,51.39593394,8.262398961,1370,20.05,4777
445,29:52.0,51.39592111,8.262394119,1370.625,19.45,4777
446,29:54.0,51.39591869,8.262394643,1370.75,19.5,4777
447,29:56.0,51.39592157,8.262397639,1370.75,20.7,4557
448,29:58.0,51.39592536,8.262396057,1371.75,22,4557
449,30:00.0,51.3959243,8.262393986,1371.25,22.05,4557
450,30:02.0,51.39591955,8.26239135,1368.5,22.65,4337
451,30:04.0,51.39591573,8.262390549,1367.75,22.7,3897
452,30:06.0,51.39591392,8.262391678,1367.875,23.35,3897
453,30:08.0,51.39591398,8.262400803,1367,23.45,3897
454,30:10.0,51.39591685,8.262403798,1367.375,23.5,3897
455,30:12.0,51.39592403,8.26240721,1367.75,22.95,3897
456,30:14.0,51.39592629,8.262406873,1368.5,23.5,3457
457,30:16.0,51.39592732,8.262405151,1368.875,23.6,3457
458,30:18.0,51.3959273,8.262400589,1367.75,23,3457
459,30:20.0,51.39592515,8.262392351,1366.75,23.6,3457
460,30:22.0,51.39592,8.262383236,1366.875,22.9,3457
461,30:24.0,51.3959137,8.262376552,1366.875,21.5,3457
462,30:26.0,51.39591138,8.262375624,1366.375,18.7,3237
463,30:28.0,51.39591002,8.262376533,1367,17.2,3237
464,30:30.0,51.39590919,8.262396317,1367.875,15.75,3237
465,30:32.0,51.39591211,8.262406916,1367.75,13.65,3237
466,30:34.0,51.39591499,8.262411433,1367.375,11.55,3237
467,30:36.0,51.39591935,8.262412865,1366.375,10.1,3237
468,30:38.0,51.39592261,8.26241131,1366.125,8.1,3237
469,30:40.0,51.39592159,8.26240068,1365.25,7.4,3017
470,30:42.0,51.39591734,8.262394878,1365.125,7.1,3017
471,30:44.0,51.39591203,8.26239323,1365.125,7.2,3017
472,30:46.0,51.39590918,8.262394796,1366,7.85,3017
473,30:48.0,51.39590818,8.262400409,1366.25,7.95,3017
474,30:50.0,51.39590927,8.262408483,1366.75,8,3017
475,30:52.0,51.39591206,8.262397792,1366.625,8.05,3017
476,30:54.0,51.39591776,8.2623977,1366.125,8.05,2797
477,30:56.0,51.39591772,8.262391617,1366,8.65,2797
478,30:58.0,51.39591549,8.262388983,1365,9.8,2797
479,31:00.0,51.39591295,8.262388653,1364.5,10.45,2797
480,31:02.0,51.39591107,8.262391725,1365.5,11.15,2797
481,31:04.0,51.39591298,8.262394803,1365.625,11.85,2797
482,31:06.0,51.3959168,8.262396195,1368,11.4,2797
483,31:08.0,51.39591674,8.26238555,1368,10.35,2577
484,31:10.0,51.39591289,8.262379528,1367.875,9.8,2577
485,31:12.0,51.39591296,8.262390174,1365.5,9.2,2577
486,31:14.0,51.39591594,8.262391852,1365.25,9.8,2577
487,31:16.0,51.39592058,8.262391571,1365.25,9.8,2577
488,31:18.0,51.39591604,8.262386613,1364.5,9.75,2577
489,31:20.0,51.39591293,8.262385611,1364.875,10.4,2357
490,31:22.0,51.39591299,8.262394735,1365.25,12.1,2357
491,31:24.0,51.39591732,8.262401305,1366,13.45,2357
492,31:26.0,51.39592256,8.262403707,1367.25,13.6,2357
493,31:28.0,51.39592241,8.26239628,1366.75,13.85,2357
494,31:30.0,51.39592057,8.26239005,1365.625,15.25,2357
495,31:32.0,51.39591626,8.262387629,1365.625,17.85,2357
496,31:34.0,51.39591295,8.262388653,1365.75,19.25,2357
497,31:36.0,51.39591205,8.262396271,1364.875,20.8,2357
498,31:38.0,51.39591591,8.262405334,1365.125,22.4,2137
499,31:40.0,51.39592259,8.262408269,1366.125,23.35,2137
500,31:42.0,51.39591497,8.26240687,1366.75,24.3,2137
501,31:44.0,51.39591504,8.262419036,1366.75,25.25,2137
502,31:46.0,51.39591597,8.262414458,1366.875,24.15,2137
503,31:48.0,51.3959131,8.26240967,1366.75,21.3,2137
504,31:50.0,51.3959064,8.262407008,1366.25,17.6,2137
505,31:52.0,51.39590917,8.262418982,1366,15.2,2137
506,31:54.0,51.39591319,8.26242667,1365.625,13.6,1917
507,31:56.0,51.39591314,8.262419066,1366.25,10.75,1917
508,31:58.0,51.3959093,8.262413045,1366.625,8.65,1917
509,32:00.0,51.39590644,8.262413091,1367,6.6,1917
510,32:02.0,51.39590515,8.262418925,1366.875,4.7,1917
511,32:04.0,51.39590652,8.262425256,1366.625,3.4,1917
512,32:06.0,51.39591032,8.262425195,1365.625,3.3,1917
513,32:08.0,51.39591181,8.26242037,1365.25,3.3,1697
514,32:10.0,51.39591119,8.262411494,1364.625,3.35,1697
515,32:12.0,51.39590849,8.262406026,1364.875,2.85,1697
516,32:14.0,51.39590351,8.262400971,1364.5,3.4,1697
517,32:16.0,51.39590234,8.262401327,1364.875,3.95,1697
518,32:18.0,51.39590216,8.26240461,1366.125,5.1,1697
519,32:20.0,51.3959057,8.262436227,1366.75,5.65,1477
520,32:22.0,51.3959038,8.262446592,1366.125,5.7,1477
521,32:24.0,51.39589813,8.262452766,1367,5.2,1477
522,32:26.0,51.39589618,8.262464174,1366.75,5.75,1477
523,32:28.0,51.39589826,8.262474056,1366.25,5.8,1477
524,32:30.0,51.39590114,8.262477052,1366.125,6.45,1477
525,32:32.0,51.39590452,8.262487874,1366.125,7.15,1477
526,32:34.0,51.39590374,8.262506842,1366.625,9.5,1037
527,32:36.0,51.39589768,8.262536475,1367,12.95,1037
528,32:38.0,51.39589378,8.262548123,1366.25,16.5,1037
529,32:40.0,51.39589254,8.262549992,1364.875,15.65,1037
530,32:42.0,51.39589207,8.262548676,1364.5,16,1037
531,32:44.0,51.39589286,8.262522809,1364.375,16.8,597
532,32:46.0,51.39591855,8.262371833,1363,17.6,597
533,32:48.0,51.39591861,8.262380957,1363.5,17.3,597
534,32:50.0,51.39591481,8.262382539,1364.375,17.45,597
535,32:52.0,51.39591118,8.262387847,1365.25,18.1,597
536,32:54.0,51.39590825,8.262397853,1365.625,19.3,597
537,32:56.0,51.39590739,8.262413076,1364.875,19.35,377
538,32:58.0,51.39590363,8.262419219,1363.375,20.05,377
539,33:00.0,51.39590374,8.262437467,1363,19.45,377
540,33:02.0,51.39589713,8.262445178,1362.75,19.5,377
541,33:04.0,51.39589523,8.262452676,1362.375,20.7,377
542,33:06.0,51.3958962,8.262475803,1362.75,22,377
543,33:08.0,51.39589453,8.262484762,1363.5,22.05,377
544,33:10.0,51.39588982,8.262492442,1363.875,22.65,0
545,33:12.0,51.39588801,8.262507679,1364.375,22.7,0
546,33:14.0,51.39589067,8.262545396,1363.25,23.35,0
547,33:16.0,51.39588981,8.262552694,1362.125,23.45,0
548,33:18.0,51.39588738,8.262557877,1362.125,23.5,0
549,33:20.0,51.39588454,8.262560965,1362.375,22.95,0
550,33:22.0,51.39588654,8.262576141,1362.75,23.5,0
551,33:24.0,51.39588083,8.262576233,1363.375,23.6,0
552,33:26.0,51.39587995,8.262583657,1364.125,23,0
553,33:28.0,51.39588285,8.26259445,1365.625,23.6,0
554,33:30.0,51.39588668,8.262598951,1366,22.9,0
555,33:32.0,51.39588709,8.26260341,1364.125,21.5,0
556,33:34.0,51.39588395,8.262618766,1363.75,18.7,0
557,33:36.0,51.39588881,8.262635417,1364,17.2,0
558,33:38.0,51.39588506,8.262643082,1363.5,15.75,0
559,33:40.0,51.39588342,8.262655341,1362.875,13.65,0
560,33:42.0,51.39588521,8.262667412,1363,11.55,0
561,33:44.0,51.3958881,8.262673449,1364,10.1,0
562,33:46.0,51.39588432,8.262676552,1365,8.1,0
563,33:48.0,51.39588274,8.262683895,1364.125,7.4,0
564,33:50.0,51.39588445,8.262697842,1362,7.1,0
565,33:52.0,51.39588955,8.262710358,1362,7.2,0
566,33:54.0,51.3958893,8.262712972,1362,7.85,0
567,33:56.0,51.39588645,8.262713018,1361,7.95,0
568,33:58.0,51.39588456,8.262714812,1361.5,8,0
569,34:00.0,51.39588359,8.262718988,1363,8.05,0
570,34:02.0,51.39588377,8.262740436,1364.5,8.05,0
571,34:04.0,51.39588442,8.262754557,1366.125,8.65,0
572,34:06.0,51.3958906,8.262798207,1366.625,9.8,0
573,34:08.0,51.39588938,8.26280703,1365.625,10.45,0
574,34:10.0,51.39588516,8.262810372,1366,11.15,0
575,34:12.0,51.3958823,8.262810418,1366.125,11.85,0
576,34:14.0,51.39588235,8.262818022,1365.625,11.4,0
577,34:16.0,51.39588908,8.26282856,1366,10.35,0
578,34:18.0,51.39588339,8.262831692,1366.25,9.8,0
579,34:20.0,51.39588116,8.262842141,1366.625,9.2,0
580,34:22.0,51.39588354,8.262856023,1366.875,9.8,0
581,34:24.0,51.39588739,8.262862045,1366.125,9.8,0
582,34:26.0,51.39588459,8.262871215,1364,9.75,0
583,34:28.0,51.39589036,8.262881768,1363.5,10.4,0
584,34:30.0,51.39588468,8.262884902,1363.5,12.1,0
585,34:32.0,51.39588298,8.262892111,1363,13.45,0
586,34:34.0,51.39588931,8.262918648,1364.125,13.6,0
587,34:36.0,51.39588876,8.26292894,1364.125,13.85,0
588,34:38.0,51.39588405,8.26293662,1364.875,15.25,0
589,34:40.0,51.39588789,8.262942642,1364.875,17.85,0
590,34:42.0,51.3958841,8.262944224,1363.5,19.25,0
591,34:44.0,51.3958861,8.2629594,1362.75,20.8,0
592,34:46.0,51.39588041,8.262962533,1362.75,22.4,0
593,34:48.0,51.39587989,8.262967623,1363.25,23.35,0
594,34:50.0,51.39588414,8.262983775,1362.75,24.3,0
595,34:52.0,51.39588342,8.262988339,1363,25.25,0
596,34:54.0,51.39587964,8.262991442,1364.125,24.15,0
597,34:56.0,51.39587626,8.262999342,1365.625,21.3,0
598,34:58.0,51.39587593,8.263006709,1365.25,17.6,0
599,35:00.0,51.39588167,8.263012701,1363.875,15.2,0
600,35:02.0,51.3958833,8.263020032,1363.875,13.6,0
601,35:04.0,51.39588271,8.263026371,1364,10.75,0
602,35:06.0,51.39587893,8.263030995,1363.25,8.65,0
603,35:08.0,51.39587928,8.263034006,1363,6.6,0
604,35:10.0,51.39588496,8.263042571,1363.5,4.7,0
605,35:12.0,51.39588569,8.263046094,1364.625,3.4,0
606,35:14.0,51.39588097,8.263052254,1366,3.3,0
607,35:16.0,51.39588488,8.26306892,1365.625,3.3,0
608,35:18.0,51.39588119,8.263087229,1363.875,3.35,0
609,35:20.0,51.39588986,8.263103819,1363,2.85,0
610,35:22.0,51.39588991,8.263111423,1362.75,3.4,0
611,35:24.0,51.39588614,8.263117566,1361.75,3.95,0
612,35:26.0,51.39588362,8.263131148,1362.25,5.1,0
613,35:28.0,51.39588538,8.263147995,1362.75,5.65,0
614,35:30.0,51.39589117,8.26316159,1363.75,5.7,0
615,35:32.0,51.39588454,8.263166259,1366,5.2,0
616,35:34.0,51.39588336,8.263171383,1365.5,5.75,0
617,35:36.0,51.39588553,8.263188504,1362.75,5.8,0
618,35:38.0,51.39588472,8.263195152,1362.375,6.45,0
619,35:40.0,51.39588096,8.263201296,1363,7.15,0
620,35:42.0,51.39588194,8.263205843,1362.375,9.5,0
621,35:44.0,51.39588765,8.263207272,1362.875,12.95,0
622,35:46.0,51.39588198,8.263213446,1363.875,16.5,0
623,35:48.0,51.39588159,8.26321937,1365.625,15.65,0
624,35:50.0,51.39588565,8.263235636,1366.875,16,0
625,35:52.0,51.39588501,8.263240772,1367.375,16.8,0
626,35:54.0,51.39588123,8.263245396,1367.875,17.6,0
627,35:56.0,51.39587882,8.263251302,1368.5,17.3,0
628,35:58.0,51.39587837,8.26325928,1368.125,17.45,0
629,36:00.0,51.39588728,8.263303435,1367.375,18.1,0
630,36:02.0,51.39588747,8.263312829,1367.375,19.3,0
631,36:04.0,51.39588551,8.263319849,1367.5,19.35,0
632,36:06.0,51.39587796,8.263330615,1367.25,20.05,0
633,36:08.0,51.39588134,8.263347527,1366.125,19.45,0
634,36:10.0,51.39588095,8.263351859,1364.375,19.5,0
635,36:12.0,51.39587717,8.263356483,1362.25,20.7,0
636,36:14.0,51.39587744,8.263359986,1362.875,22,0
637,36:16.0,51.39588298,8.263371598,1363,22.05,0
638,36:18.0,51.39588305,8.263382242,1362.75,22.65,0
639,36:20.0,51.39587925,8.263383824,1362.75,22.7,0
640,36:22.0,51.39588125,8.263399001,1362.25,23.35,0
641,36:24.0,51.39587841,8.263402087,1362.875,23.45,0
642,36:26.0,51.39588702,8.263409553,1363.75,23.5,0
643,36:28.0,51.39588706,8.263415636,1365,22.95,0
644,36:30.0,51.39588332,8.263426342,1364.875,23.5,0
645,36:32.0,51.39588343,8.26344307,1363.25,23.6,0
646,36:34.0,51.39587545,8.263458919,1362.625,23,0
647,36:36.0,51.39587499,8.263462976,1362.875,23.6,0
648,36:38.0,51.39588359,8.263468921,1362.375,22.9,0
649,36:40.0,51.3958798,8.263472024,1362.75,21.5,0
650,36:42.0,51.39587901,8.263478723,1362.75,18.7,0
651,36:44.0,51.39588411,8.263498895,1364,17.2,0
652,36:46.0,51.39588286,8.263503913,1366,15.75,0
653,36:48.0,51.39588001,8.263505479,1365.625,13.65,0
654,36:50.0,51.39587826,8.26350869,1362.75,11.55,0
655,36:52.0,51.39587823,8.263514537,1362.625,10.1,0
656,36:54.0,51.39588438,8.263544373,1363.375,8.1,0
657,36:56.0,51.39588396,8.263548045,1362.75,7.4,0
658,36:58.0,51.39588219,8.263549548,1362.375,7.1,0
659,37:00.0,51.39587934,8.263549594,1363.5,7.2,0
660,37:02.0,51.39587938,8.263555677,1364.875,7.85,0
661,37:04.0,51.39588114,8.26356731,1366.25,7.95,0
662,37:06.0,51.39588976,8.263598577,1366.75,8,0
663,37:08.0,51.39588978,8.263605203,1367,8.05,0
664,37:10.0,51.39588732,8.263608778,1368.125,8.05,0
665,37:12.0,51.39588162,8.263610391,1367.875,8.65,0
666,37:14.0,51.39588106,8.263614759,1367,9.8,0
667,37:16.0,51.39588441,8.263629573,1367.875,10.45,0
668,37:18.0,51.39588367,8.263633171,1368.5,11.15,0
669,37:20.0,51.39587892,8.263634768,1368,11.85,0
670,37:22.0,51.39588178,8.263634722,1367.75,11.4,0
671,37:24.0,51.39588279,8.263643831,1367.75,10.35,0
672,37:26.0,51.39587997,8.263649959,1367,9.8,0
673,37:28.0,51.39588386,8.263663585,1366.625,9.2,0
674,37:30.0,51.39588104,8.263668192,1365.75,9.8,0
675,37:32.0,51.39588082,8.263673227,1365.5,9.8,0
676,37:34.0,51.39588384,8.263686062,1366.125,9.75,0
677,37:36.0,51.39588307,8.263689451,1366.25,10.4,0
678,37:38.0,51.39587928,8.263691033,1365.5,12.1,0
679,37:40.0,51.39587931,8.263695595,1365.125,13.45,0
680,37:42.0,51.3958832,8.263709221,1363.875,13.6,0
681,37:44.0,51.39588036,8.263712307,1362.25,13.85,0
682,37:46.0,51.39588326,8.263718345,1361.5,15.25,0
683,37:48.0,51.39588143,8.26373054,1362.125,17.85,0
684,37:50.0,51.39588718,8.263738052,1362.25,19.25,0
685,37:52.0,51.39588246,8.263742691,1362.375,20.8,0
686,37:54.0,51.39588161,8.263748338,1363.375,22.4,0
687,37:56.0,51.39588389,8.263764405,1365,23.35,0
688,37:58.0,51.39588262,8.263768543,1364,24.3,0
689,38:00.0,51.39587882,8.263770124,1364,25.25,0
690,38:02.0,51.39587887,8.263777728,1363.75,24.15,0
691,38:04.0,51.39588269,8.263780708,1363.875,21.3,0
692,38:06.0,51.39588445,8.263788912,1363.375,17.6,0
693,38:08.0,51.39588191,8.263806575,1363.5,15.2,0
694,38:10.0,51.39588006,8.26381573,1363.5,13.6,0
695,38:12.0,51.3958753,8.263814285,1364.5,10.75,0
696,38:14.0,51.39587442,8.263826467,1365.625,8.65,0
697,38:16.0,51.39587439,8.263821904,1365.25,6.6,0
698,38:18.0,51.39587916,8.263823349,1363.875,4.7,0
699,38:20.0,51.39587629,8.263821874,1364.625,3.4,0
700,38:22.0,51.39587625,8.26381427,1364.5,3.3,0
701,38:24.0,51.3958734,8.263815837,1363.5,3.3,421
702,38:26.0,51.39587628,8.263820353,1364,3.35,421
703,38:28.0,51.3958772,8.263814255,1364.875,2.85,421
704,38:30.0,51.39588005,8.263814209,1365,3.4,421
705,38:32.0,51.39588242,8.263820419,1365.625,3.95,421
706,38:34.0,51.39588205,8.263829386,1364.875,5.1,421
707,38:36.0,51.39587732,8.263829631,1362.75,5.65,421
708,38:38.0,51.39587347,8.263826482,1362.25,5.7,421
709,38:40.0,51.39587341,8.263817357,1362.125,5.2,421
710,38:42.0,51.39587721,8.263815775,1361.5,5.75,421
711,38:44.0,51.39587824,8.263827926,1362.625,5.8,421
712,38:46.0,51.39588299,8.26382785,1363.75,6.45,792
713,38:48.0,51.39588521,8.263821495,1364.375,7.15,792
714,38:50.0,51.39588482,8.263815653,1365.625,9.5,792
715,38:52.0,51.39588101,8.263815714,1366.625,12.95,792
716,38:54.0,51.39587632,8.263826436,1366.25,16.5,792
717,38:56.0,51.39587529,8.263812764,1366,15.65,792
718,38:58.0,51.39587823,8.263826405,1366,16,792
719,39:00.0,51.39588203,8.263826344,1366,16.8,792
720,39:02.0,51.39588006,8.26381573,1366.125,17.6,792
721,39:04.0,51.39587822,8.263824885,1366.25,17.3,1285
722,39:06.0,51.39587819,8.263820322,1366.75,17.45,1285
723,39:08.0,51.39588062,8.263821152,1366.25,18.1,1285
724,39:10.0,51.39588297,8.263824808,1365.125,19.3,1285
725,39:12.0,51.39588206,8.263830906,1363.875,19.35,1285
726,39:14.0,51.3958773,8.263830982,1363.25,20.05,1285
727,39:16.0,51.3958763,8.263837977,1363,19.45,1285
728,39:18.0,51.39587838,8.263850737,1362.875,19.5,1285
729,39:20.0,51.39587833,8.263843133,1363.375,20.7,1285
730,39:22.0,51.3958819,8.263840616,1364.125,22,1285
731,39:24.0,51.39588593,8.26384149,1365.5,22.05,1679
732,39:26.0,51.39588505,8.26385215,1365.5,22.65,1679
733,39:28.0,51.39588027,8.263849185,1365.125,22.7,1679
734,39:30.0,51.39588225,8.26386132,1366.25,23.35,1679
735,39:32.0,51.39588222,8.263856757,1365.75,23.45,1679
736,39:34.0,51.39588009,8.263854298,1364.625,23.5,1679
737,39:36.0,51.39587745,8.263853792,1364.875,22.95,1679
738,39:38.0,51.39587844,8.263861381,1365.625,23.5,1679
739,39:40.0,51.3958813,8.263861335,1366,23.6,1679
740,39:42.0,51.39588124,8.263852211,1366.375,23,2245
741,39:44.0,51.39588035,8.26386135,1366.25,23.6,2245
742,39:46.0,51.39588318,8.263858263,1365.25,22.9,2245
743,39:48.0,51.39588314,8.263852181,1365.125,21.5,2245
744,39:50.0,51.39587841,8.263855298,1364.5,18.7,2245
745,39:52.0,51.39588133,8.263859189,1364,17.2,2245
746,39:54.0,51.39588606,8.263861259,1365.25,15.75,2245
747,39:56.0,51.3958861,8.26385354,1365.625,13.65,2245
748,39:58.0,51.39588407,8.263847603,1365.75,11.55,3021
749,40:00.0,51.39587931,8.26384768,1366.125,10.1,3021
750,40:02.0,51.39588128,8.263858294,1366.25,8.1,3021
751,40:04.0,51.39588313,8.26385066,1364.875,7.4,3021
752,40:06.0,51.39588122,8.26384917,1364.5,7.1,3021
753,40:08.0,51.39587988,8.263850116,1364.5,7.2,3021
754,40:10.0,51.39587977,8.263855221,1364.375,7.85,3021
755,40:12.0,51.39588331,8.263878032,1364.375,7.95,3021
756,40:14.0,51.39588134,8.263867418,1364.875,8,3021
757,40:16.0,51.3958799,8.263868981,1365.5,8.05,3021
758,40:18.0,51.39587849,8.263879761,1365.625,8.05,3224
759,40:20.0,51.39587869,8.263900919,1364.125,8.65,3224
760,40:22.0,51.39588064,8.263908492,1363,9.8,3224
761,40:24.0,51.39587496,8.263911624,1363,10.45,3224
762,40:26.0,51.39587121,8.26392081,1363.25,11.15,3224
763,40:28.0,51.39587132,8.263939058,1362.375,11.85,3224
764,40:30.0,51.39586658,8.263942176,1362.875,11.4,3224
765,40:32.0,51.39587327,8.263946631,1363.875,10.35,3224
766,40:34.0,51.39586951,8.263954295,1365.25,9.8,3224
767,40:36.0,51.39586954,8.263958858,1365.125,9.2,3224
768,40:38.0,51.3958724,8.263958812,1363.75,9.8,3224
769,40:40.0,51.39587235,8.263951208,1363,9.8,3224
770,40:42.0,51.3958695,8.263951254,1363,9.75,3224
771,40:44.0,51.39587049,8.263958842,1361.75,10.4,3224
772,40:46.0,51.39586675,8.263968027,1360.625,12.1,3224
773,40:48.0,51.39586477,8.263955892,1360.125,13.45,3705
774,40:50.0,51.3958633,8.263968621,1360,13.6,3705
775,40:52.0,51.39586489,8.263975661,1359.875,13.85,3705
776,40:54.0,51.3958687,8.2639756,1358.25,15.25,3705
777,40:56.0,51.39587008,8.263970987,1355.5,17.85,3705
778,40:58.0,51.39586957,8.26396342,1354.125,19.25,3705
779,41:00.0,51.39586554,8.263957284,1354.25,20.8,3705
780,41:02.0,51.39586191,8.263955938,1354.125,22.4,3705
781,41:04.0,51.39586196,8.263963542,1355.5,23.35,3705
782,41:06.0,51.39586671,8.263961945,1356.875,24.3,4125
783,41:08.0,51.39586758,8.263949764,1358,25.25,4125
784,41:10.0,51.39587608,8.263938982,1359.25,24.15,4125
785,41:12.0,51.39587131,8.263937537,1358.625,21.3,4125
786,41:14.0,51.39586798,8.263941222,1356,17.6,4125
787,41:16.0,51.39586567,8.263948273,1354,15.2,4125
788,41:18.0,51.39586957,8.26396342,1349.5,13.6,4125
789,41:20.0,51.39586375,8.263945263,1349.5,10.75,4125
790,41:22.0,51.39586275,8.263961958,1346.625,8.65,4125
791,41:24.0,51.39586582,8.263972605,1344,6.6,4125
792,41:26.0,51.39586869,8.263974079,1342.75,4.7,4665
793,41:28.0,51.39586873,8.263967081,1342.125,3.4,4665
794,41:30.0,51.39586575,8.263960439,1339.5,3.3,4665
795,41:32.0,51.39586195,8.263962021,1336.375,3.3,4665
796,41:34.0,51.39586394,8.263975677,1335.5,3.35,4665
797,41:36.0,51.39586201,8.263971145,1334.125,2.85,4665
798,41:38.0,51.39585917,8.263972712,1331.375,3.4,4665
799,41:40.0,51.39586398,8.26398176,1330.125,3.95,4665
800,41:42.0,51.395865,8.263992389,1328.875,5.1,4665
801,41:44.0,51.39587258,8.263987705,1327.875,5.65,4665
802,41:46.0,51.3958736,8.263998334,1327,5.7,4998
803,41:48.0,51.39588219,8.264002759,1325.125,5.2,4998
804,41:50.0,51.39588328,8.264009553,1323,5.75,4998
805,41:52.0,51.39587933,8.264031262,1322.625,5.8,4998
806,41:54.0,51.3958805,8.264037765,1321.125,6.45,4998
807,41:56.0,51.39588434,8.264042266,1320,7.15,4998
808,41:58.0,51.39588908,8.26404067,1319.875,9.5,4998
809,42:00.0,51.39588243,8.264040776,1320,12.95,4998
810,42:02.0,51.39588532,8.264046813,1321.125,16.5,4998
811,42:04.0,51.39587776,8.264054539,1323.375,15.65,4998
812,42:06.0,51.39588352,8.264063571,1324.375,16,4998
813,42:08.0,51.39587591,8.264063693,1324.625,16.8,4998
814,42:10.0,51.39587596,8.264071297,1325.625,17.6,4998
815,42:12.0,51.39587882,8.264072495,1324.625,17.3,4998
816,42:14.0,51.39588167,8.264071205,1323.875,17.45,5257
817,42:16.0,51.39588162,8.264063602,1322.75,18.1,5257
818,42:18.0,51.39587876,8.264063647,1321,19.3,5257
819,42:20.0,51.39588261,8.264069669,1320.875,19.35,5257
820,42:22.0,51.39588255,8.264060545,1321.75,20.05,5257
821,42:24.0,51.39588931,8.264077166,1321.75,19.45,5257
822,42:26.0,51.39589081,8.264071009,1322.125,19.5,5257
823,42:28.0,51.39589112,8.264054818,1323.25,20.7,5257
824,42:30.0,51.39589008,8.26404427,1323.75,22,5257
825,42:32.0,51.39588814,8.264042205,1324.125,22.05,5257
826,42:34.0,51.39588438,8.264048349,1323.875,22.65,5257
827,42:36.0,51.39588227,8.26406161,1323,22.7,5671
828,42:38.0,51.39588453,8.26407268,1323.5,23.35,5671
829,42:40.0,51.39588931,8.264077166,1324.875,23.45,5671
830,42:42.0,51.39589116,8.264068011,1323.875,23.5,5671
831,42:44.0,51.39589215,8.264074079,1321.75,22.95,5671
832,42:46.0,51.39589433,8.264075018,1321.125,23.5,5671
833,42:48.0,51.39589976,8.264073956,1317.25,23.6,5671
834,42:50.0,51.39589692,8.264075523,1318.125,23,5671
835,42:52.0,51.39589644,8.264082372,1320.5,23.6,5671
836,42:54.0,51.39589891,8.264090699,1319,22.9,5671
837,42:56.0,51.39590076,8.264081545,1318.25,21.5,6101
838,42:58.0,51.39590366,8.264089103,1317.25,18.7,6101
839,43:00.0,51.39590551,8.264081468,1318.125,17.2,6101
840,43:02.0,51.39590932,8.264081407,1319.875,15.75,6101
841,43:04.0,51.39590938,8.264090532,1319.5,13.65,6101
842,43:06.0,51.39591122,8.264081377,1318.25,11.55,6101
843,43:08.0,51.39591603,8.264088904,1318.125,10.1,6101
844,43:10.0,51.39591695,8.264084326,1317.625,8.1,6101
845,43:12.0,51.39591698,8.264088889,1316,7.4,6101
846,43:14.0,51.39591982,8.264087322,1314.75,7.1,6101
847,43:16.0,51.39591979,8.26408276,1313.5,7.2,6399
848,43:18.0,51.39591694,8.264082806,1313.25,7.85,6399
849,43:20.0,51.39591698,8.264088889,1314.25,7.95,6399
850,43:22.0,51.39591938,8.264088605,1314.25,8,6399
851,43:24.0,51.39592267,8.264085755,1312.875,8.05,6399
852,43:26.0,51.39591886,8.264085817,1311.375,8.05,6399
853,43:28.0,51.395917,8.26409193,1310,8.65,6399
854,43:30.0,51.39592071,8.264094705,1308.875,9.8,6399
855,43:32.0,51.39592652,8.264093298,1305.625,10.45,6399
856,43:34.0,51.39592849,8.264086732,1302.125,11.15,6399
857,43:36.0,51.39592834,8.264079582,1298.625,11.85,7028
858,43:38.0,51.39592563,8.264075676,1295.375,11.4,7028
859,43:40.0,51.39592164,8.264073606,1291.5,10.35,7028
860,43:42.0,51.39591689,8.264075203,1286.625,9.8,7028
861,43:44.0,51.39591547,8.264082695,1280,9.2,7028
862,43:46.0,51.39591699,8.264090409,1275.25,9.8,7028
863,43:48.0,51.39592052,8.264091604,1270.75,9.8,7028
864,43:50.0,51.39592365,8.264090302,1263.875,9.75,7028
865,43:52.0,51.3959255,8.264082668,1258.625,10.4,7028
866,43:54.0,51.39592931,8.264082608,1252.125,12.1,7028
867,43:56.0,51.39593031,8.264090195,1245.625,13.45,7028
868,43:58.0,51.39592771,8.264089234,1238,13.6,7454
869,44:00.0,51.39592361,8.264084219,1228,13.85,7454
870,44:02.0,51.39592329,8.26407823,1216.125,15.25,7454
871,44:04.0,51.39592716,8.264061804,1204.875,17.85,7454
872,44:06.0,51.3959263,8.264058323,1193.5,19.25,7454
873,44:08.0,51.39592294,8.264057469,1181.625,20.8,7454
874,44:10.0,51.39592059,8.264058413,1168.875,22.4,7454
875,44:12.0,51.39591872,8.264063006,1158,23.35,7454
876,44:14.0,51.39591708,8.264075729,1146.125,24.3,7454
877,44:16.0,51.39591885,8.264084296,1139,25.25,7454
878,44:18.0,51.39592364,8.26408591,1126,24.15,7454
879,44:20.0,51.39592837,8.264084143,1126,21.3,7454
880,44:22.0,51.39593131,8.26407787,1120.5,17.6,7701
881,44:24.0,51.39593209,8.264071917,1115,15.2,7701
882,44:26.0,51.39592787,8.264070192,1111.375,13.6,7701
883,44:28.0,51.39592353,8.264072054,1107.5,10.75,7701
884,44:30.0,51.39592166,8.264076647,1104.125,8.65,7701
885,44:32.0,51.3959198,8.264084281,1102.75,6.6,7701
886,44:34.0,51.39592176,8.26409144,1102.375,4.7,7701
887,44:36.0,51.39592463,8.264094849,1101.75,3.4,7701
888,44:38.0,51.39592648,8.264087215,1096.5,3.3,7701
889,44:40.0,51.3959245,8.264075081,1091.875,3.3,7701
890,44:42.0,51.39592454,8.264081163,1086.25,3.35,7701
891,44:44.0,51.39592611,8.264083191,1077,2.85,7701
892,44:46.0,51.39592931,8.264083904,1064.5,3.4,8102
893,44:48.0,51.395935,8.264080995,1055,3.95,8102
894,44:50.0,51.39593494,8.26407035,1044.875,5.1,8102
895,44:52.0,51.39592923,8.264070442,1033.625,5.65,8102
896,44:54.0,51.39592766,8.264074301,1022.125,5.7,8102
897,44:56.0,51.39592733,8.264081707,1011.875,5.2,8102
898,44:58.0,51.39592836,8.264088542,1000.125,5.75,8102
899,45:00.0,51.39593031,8.264091716,991.5,5.8,8102
900,45:02.0,51.39593412,8.264091655,986.375,6.45,8102
901,45:04.0,51.39593031,8.264091716,980.625,7.15,8102
902,45:06.0,51.39592929,8.264079566,976.125,9.5,8102
903,45:08.0,51.39592261,8.264076632,976,12.95,8102
904,45:10.0,51.3959245,8.264075081,975.75,16.5,8534
905,45:12.0,51.39592459,8.264088766,976.125,15.65,8534
906,45:14.0,51.39592743,8.264091253,977.25,16,8534
907,45:16.0,51.39593759,8.264091784,980,16.8,8534
908,45:18.0,51.39593985,8.264094605,982.25,17.6,8534
909,45:20.0,51.39593989,8.264102209,983.875,17.3,8534
910,45:22.0,51.39594338,8.264108297,985,17.45,8534
911,45:24.0,51.39595138,8.26411267,986.75,18.1,8534
912,45:26.0,51.39596089,8.264112517,988.125,19.3,8534
913,45:28.0,51.39595613,8.264112594,990.625,19.35,8534
914,45:30.0,51.39595321,8.264101995,992.625,20.05,8534
915,45:32.0,51.39594948,8.264112701,994,19.45,8534
916,45:34.0,51.39595001,8.264102587,995,19.5,8534
917,45:36.0,51.39595222,8.264095928,997,20.7,8534
918,45:38.0,51.3959556,8.264094005,998.625,22,8534
919,45:40.0,51.39595792,8.264094315,1000.625,22.05,8888
920,45:42.0,51.39595798,8.264103439,1002.125,22.65,8888
921,45:44.0,51.39596275,8.264104883,1001.75,22.7,8888
922,45:46.0,51.39595702,8.264101933,1001.25,23.35,8888
923,45:48.0,51.39595707,8.264109537,1001.5,23.45,8888
924,45:50.0,51.39596049,8.264113463,1001.75,23.5,8888
925,45:52.0,51.39597517,8.264113809,1002.375,22.95,8888
926,45:54.0,51.39598351,8.264118072,1002.25,23.5,8888
927,45:56.0,51.39598759,8.264122735,1002.375,23.6,8888
928,45:58.0,51.3959905,8.264131813,1002,23,8888
929,46:00.0,51.395995,8.264138249,1002,23.6,8888
930,46:02.0,51.39600093,8.264143148,1001.625,22.9,8888
931,46:04.0,51.39600572,8.264144487,1001.75,21.5,8888
932,46:06.0,51.39600865,8.264142168,1001.75,18.7,8888
933,46:08.0,51.3960105,8.264134534,1001.5,17.2,9345
934,46:10.0,51.39601534,8.264148144,1000.375,15.75,9345
935,46:12.0,51.39602011,8.264149588,999.5,13.65,9345
936,46:14.0,51.39602008,8.264145026,999.25,11.55,9345
937,46:16.0,51.39602389,8.264144965,999.75,10.1,9345
938,46:18.0,51.39603253,8.264158514,999.375,8.1,9345
939,46:20.0,51.39603741,8.264147198,999.375,7.4,9345
940,46:22.0,51.39603821,8.264141218,998.625,7.1,9345
941,46:24.0,51.39603717,8.264138669,998.625,7.2,9345
942,46:26.0,51.39603431,8.264138715,998.125,7.85,9345
943,46:28.0,51.39603438,8.264149359,998.375,7.95,9345
944,46:30.0,51.39603075,8.264146208,998.375,8,9345
945,46:32.0,51.39602862,8.264141848,998.125,8.05,9345
946,46:34.0,51.39603243,8.264141787,997.25,8.05,9345
947,46:36.0,51.39603153,8.264150926,997.125,8.65,9345
948,46:38.0,51.39603437,8.264147838,998.125,9.8,9678
949,46:40.0,51.39603151,8.264147884,999.75,10.45,9678
950,46:42.0,51.39603243,8.264141787,1000,11.15,9678
951,46:44.0,51.39602959,8.264144873,999.875,11.85,9678
952,46:46.0,51.39602671,8.264140358,999.375,11.4,9678
953,46:48.0,51.39603051,8.264138776,999.75,10.35,9678
954,46:50.0,51.39603054,8.264143338,999.25,9.8,9678
955,46:52.0,51.39603049,8.264135734,999,9.2,9678
956,46:54.0,51.39602865,8.264146409,998.75,9.8,9678
957,46:56.0,51.39602667,8.264134275,998.625,9.8,9678
958,46:58.0,51.39602868,8.264150972,997.75,9.75,9678
959,47:00.0,51.39602767,8.264141863,998,10.4,9678
960,47:02.0,51.39602194,8.264137393,999.375,12.1,9835
961,47:04.0,51.39601702,8.264136533,1001.125,13.45,9835
962,47:06.0,51.39600542,8.264139235,1001.75,13.6,9835
963,47:08.0,51.39600101,8.264137728,1001.5,13.85,9835
964,47:10.0,51.39599469,8.264125799,1001.125,15.25,9835
965,47:12.0,51.39599236,8.264124179,1001.25,17.85,9835
966,47:14.0,51.3959867,8.264131874,1000.5,19.25,9835
967,47:16.0,51.39598567,8.264119724,1000,20.8,9835
968,47:18.0,51.39597904,8.264124393,999.375,22.4,9835
969,47:20.0,51.3959704,8.264112365,999,23.35,9835
970,47:22.0,51.39596186,8.264115544,998.25,24.3,9835
971,47:24.0,51.39595707,8.264109537,998,25.25,9835
972,47:26.0,51.39595041,8.264109644,998.875,24.15,9835
973,47:28.0,51.39594941,8.264102056,1000.375,21.3,9835
974,47:30.0,51.39594467,8.264105174,1000.875,17.6,9835
975,47:32.0,51.39594077,8.264090028,1000.875,15.2,10254
976,47:34.0,51.39593892,8.264099182,1000.375,13.6,10254
977,47:36.0,51.39593504,8.264087077,1000.5,10.75,10254
978,47:38.0,51.39592747,8.264093283,1000.125,8.65,10254
979,47:40.0,51.39592457,8.264085725,1000.375,6.6,10254
980,47:42.0,51.39592079,8.264090348,1000.375,4.7,10254
981,47:44.0,51.39591693,8.264081285,1000.125,3.4,10254
982,47:46.0,51.39591029,8.264084433,999.25,3.3,10254
983,47:48.0,51.39590454,8.264078442,998.875,3.3,10254
984,47:50.0,51.39590174,8.264086092,999.75,3.35,10254
985,47:52.0,51.39589404,8.264072527,1001.25,2.85,10254
986,47:54.0,51.39589119,8.264072573,1001.625,3.4,10254
987,47:56.0,51.39589122,8.264077135,1001.5,3.95,10254
988,47:58.0,51.39588804,8.264078206,1000.875,5.1,10254
989,48:00.0,51.39588264,8.264074232,1000.625,5.65,10254
990,48:02.0,51.39587972,8.264063632,999.75,5.7,10521
991,48:04.0,51.39588201,8.264042262,999.25,5.2,10521
992,48:06.0,51.39588145,8.26403623,998.375,5.75,10521
993,48:08.0,51.39587663,8.264027182,998,5.8,10521
994,48:10.0,51.39588132,8.26401646,997,6.45,10521
995,48:12.0,51.39588319,8.264007564,997,7.15,10521
996,48:14.0,51.39588305,8.263996524,998.375,9.5,10521
997,48:16.0,51.39587489,8.263947093,1000.5,12.95,10521
998,48:18.0,51.39587543,8.263937473,1001.125,16.5,10521
999,48:20.0,51.39587792,8.263929827,1000.625,15.65,10521
1000,48:22.0,51.39588263,8.263922147,1000.125,16,10521
1001,48:24.0,51.39588419,8.263911174,1000.5,16.8,10521
1002,48:26.0,51.39588251,8.263902378,1000,17.6,10521
1003,48:28.0,51.39587772,8.263897892,999.75,17.3,10521
1004,48:30.0,51.39587765,8.263885727,999.25,17.45,10521
1005,48:32.0,51.39588376,8.263860554,998.75,18.1,10521
1006,48:34.0,51.3958841,8.263852166,998,19.3,10521
1007,48:36.0,51.39587541,8.263832533,997.75,19.35,10521
1008,48:38.0,51.39587624,8.263826447,998.625,20.05,10521
1009,48:40.0,51.39588287,8.263808081,999.875,19.45,10521
1010,48:42.0,51.39588421,8.263793436,1000.125,19.5,10521
1011,48:44.0,51.39588272,8.26378527,1000.375,20.7,10521
1012,48:46.0,51.39587698,8.263779279,1000.125,22,10521
1013,48:48.0,51.39588454,8.263771554,1000.125,22.05,10521
1014,48:50.0,51.3958864,8.26376392,999.25,22.65,10521
1015,48:52.0,51.39588333,8.26373051,998.625,22.7,10521
1016,48:54.0,51.39588705,8.263716763,998.125,23.35,10521
1017,48:56.0,51.39588314,8.263700096,998.125,23.45,10521
1018,48:58.0,51.3958822,8.263685732,997.5,23.5,10521
1019,49:00.0,51.39588412,8.26365267,997.125,22.95,10521
1020,49:02.0,51.39588276,8.263639269,997.625,23.5,10521
1021,49:04.0,51.39587887,8.263625644,998.625,23.6,10521
1022,49:06.0,51.3958788,8.263614999,998.875,23,10521
1023,49:08.0,51.39588537,8.263601206,999,23.6,10521
1024,49:10.0,51.39588529,8.263587519,998.375,22.9,10521
1025,49:12.0,51.39588046,8.263576951,998.375,21.5,10521
1026,49:14.0,51.39588421,8.263567766,997.625,18.7,10521
1027,49:16.0,51.39588571,8.263556728,997.5,17.2,10521
1028,49:18.0,51.39588496,8.263535816,997.25,15.75,10521
1029,49:20.0,51.39588073,8.263505125,997,13.65,10521
1030,49:22.0,51.39588184,8.263493283,996.125,11.55,10521
1031,49:24.0,51.39589032,8.26347946,997.5,10.1,10521
1032,49:26.0,51.39589552,8.263458172,996.5,8.1,10521
1033,49:28.0,51.39589683,8.2634323,996,7.4,10521
1034,49:30.0,51.39589375,8.26341464,997.5,7.1,10521
1035,49:32.0,51.3958908,8.263409871,999.75,7.2,10521
1036,49:34.0,51.39588701,8.263408033,1000.625,7.85,10521
1037,49:36.0,51.39588416,8.263408079,1000.5,7.95,10521
1038,49:38.0,51.39588313,8.263403777,1000,8,10521
1039,49:40.0,51.39588409,8.263397434,1000.125,8.05,10521
1040,49:42.0,51.39588978,8.263394301,999.375,8.05,10521
1041,49:44.0,51.39588971,8.263383656,998.875,8.65,10521
1042,49:46.0,51.39588587,8.263377635,998.125,9.8,10521
1043,49:48.0,51.39588492,8.263372091,997.5,10.45,10521
1044,49:50.0,51.39588572,8.263353304,996.5,11.15,10521
1045,49:52.0,51.39588184,8.263341199,996.375,11.85,10521
1046,49:54.0,51.3958904,8.263341062,997.75,11.4,10521
1047,49:56.0,51.39589168,8.263333823,999.75,10.35,10521
1048,49:58.0,51.39589029,8.263324334,1000.375,9.8,10521
1049,50:00.0,51.39588645,8.263318313,1000.375,9.2,10521
1050,50:02.0,51.39588044,8.263300511,1000,9.8,10521
1051,50:04.0,51.39588004,8.263293832,1000.5,9.8,10521
1052,50:06.0,51.39588151,8.263289496,999.875,9.75,10521
1053,50:08.0,51.3958853,8.263286393,999.375,10.4,10521
1054,50:10.0,51.39588526,8.26328031,998.875,12.1,10521
1055,50:12.0,51.39588287,8.263273984,998.75,13.45,10521
1056,50:14.0,51.39587473,8.26326291,998,13.6,10521
1057,50:16.0,51.39587467,8.263260709,997.625,13.85,10521
1058,50:18.0,51.39588133,8.263260602,998.375,15.25,10521
1059,50:20.0,51.39588348,8.263255015,999.75,17.85,10521
1060,50:22.0,51.39588099,8.263231432,1000.125,19.25,10521
1061,50:24.0,51.39588204,8.26322257,1000.125,20.8,10521
1062,50:26.0,51.39588959,8.263211803,999.75,22.4,10521
1063,50:28.0,51.3958829,8.263207348,1000,23.35,10521
1064,50:30.0,51.39588566,8.263192096,998.625,24.3,10521
1065,50:32.0,51.39588558,8.26317993,997.75,25.25,10521
1066,50:34.0,51.39588173,8.263172388,997,24.15,10521
1067,50:36.0,51.39588552,8.263170806,997,21.3,10521
1068,50:38.0,51.39588749,8.263168072,996.375,17.6,10521
1069,50:40.0,51.39588787,8.263163344,996,15.2,10521
1070,50:42.0,51.39588184,8.263134963,997.125,13.6,10521
1071,50:44.0,51.39588237,8.26312371,999.375,10.75,10521
1072,50:46.0,51.39588519,8.263117581,1000.5,8.65,10521
1073,50:48.0,51.39588136,8.263114602,1000.875,6.6,10521
1074,50:50.0,51.3958813,8.263103957,1000.375,4.7,10521
1075,50:52.0,51.3958869,8.263087137,1000.875,3.4,10521
1076,50:54.0,51.39588026,8.263073854,999.875,3.3,10521
1077,50:56.0,51.39588013,8.263070517,999.75,3.3,10521
1078,50:58.0,51.39588392,8.263067414,998.875,3.35,10521
1079,51:00.0,51.39588487,8.263062027,998.75,2.85,10521
1080,51:02.0,51.39588017,8.263042885,997.625,3.4,10521
1081,51:04.0,51.39588088,8.263037046,997.125,3.95,10521
1082,51:06.0,51.39588752,8.263033899,997.625,5.1,10521
1083,51:08.0,51.39588959,8.263029303,999.25,5.65,10521
1084,51:10.0,51.39589027,8.26302173,999.75,5.7,10521
1085,51:12.0,51.39588732,8.263003484,999.75,5.2,10521
1086,51:14.0,51.39588347,8.262995942,998.875,5.75,10521
1087,51:16.0,51.39588341,8.262986818,998.875,5.8,10521
1088,51:18.0,51.39588506,8.26298449,998,6.45,10521
1089,51:20.0,51.39589194,8.262980597,997.5,7.15,10521
1090,51:22.0,51.3958941,8.262974417,996.125,9.5,10521
1091,51:24.0,51.39589428,8.262965015,996,12.95,10521
1092,51:26.0,51.39588882,8.262939585,995,16.5,10521
1093,51:28.0,51.39588013,8.262925708,995,15.65,10521
1094,51:30.0,51.39588016,8.262922995,996.125,16,10521
1095,51:32.0,51.39588301,8.262922949,998.25,16.8,10521
1096,51:34.0,51.39588681,8.26291831,999.25,17.6,10521
1097,51:36.0,51.39588958,8.262907635,999.25,17.3,10521
1098,51:38.0,51.3958895,8.262895469,998.875,17.45,10521
1099,51:40.0,51.39588303,8.262882371,999.375,18.1,10521
1100,51:42.0,51.39588273,8.262878849,998.75,19.3,10521
1101,51:44.0,51.39588841,8.262874195,998.375,19.35,10521
1102,51:46.0,51.3958885,8.262868037,997.625,20.05,10521
1103,51:48.0,51.39588197,8.26285023,997.5,19.45,10521
1104,51:50.0,51.39588252,8.262845394,996.625,19.5,10521
1105,51:52.0,51.39588726,8.262842276,996.375,20.7,10521
1106,51:54.0,51.39588937,8.262838293,997.5,22,10521
1107,51:56.0,51.39588981,8.262832081,999.375,22.05,10521
1108,51:58.0,51.39588508,8.262798207,1000.5,22.65,10521
1109,52:00.0,51.3958879,8.262776488,1000.625,22.7,10521
1110,52:02.0,51.39588774,8.262767747,1000.125,23.35,10521
1111,52:04.0,51.39588385,8.262754122,1000.375,23.45,10521
1112,52:06.0,51.39588858,8.262749483,999,23.5,10521
1113,52:08.0,51.39589058,8.262744339,998.375,22.95,10521
1114,52:10.0,51.39589121,8.262736891,997.5,23.5,10521
1115,52:12.0,51.39588837,8.262716029,997.625,23.6,10521
1116,52:14.0,51.39588353,8.262702419,996.625,23,10521
1117,52:16.0,51.3958844,8.262690238,996.375,23.6,10521
1118,52:18.0,51.39589103,8.262685569,997,22.9,10521
1119,52:20.0,51.395891,8.262681007,998.875,21.5,10521
1120,52:22.0,51.39588902,8.262667351,999.875,18.7,10521
1121,52:24.0,51.39587823,8.262646551,1000.125,17.2,10521
1122,52:26.0,51.39587839,8.262641668,999.25,15.75,10521
1123,52:28.0,51.39588314,8.262640071,999.5,13.65,10521
1124,52:30.0,51.39588592,8.26262938,999,11.55,10521
1125,52:32.0,51.39588384,8.262600518,999.375,10.1,10521
1126,52:34.0,51.39588565,8.262586801,998.75,8.1,10521
1127,52:36.0,51.39588137,8.262572848,998.625,7.4,10521
1128,52:38.0,51.39588174,8.262570134,997.25,7.1,10521
1129,52:40.0,51.39588555,8.262570073,997,7.2,10521
1130,52:42.0,51.39588362,8.262565541,997.125,7.85,10521
1131,52:44.0,51.39588836,8.262563944,998.125,7.95,10521
1132,52:46.0,51.39589304,8.262551703,998.25,8,10521
1133,52:48.0,51.39589381,8.262539404,998.25,8.05,10521
1134,52:50.0,51.39588933,8.262509698,997.625,8.05,10521
1135,52:52.0,51.39589081,8.26249851,997.75,8.65,10521
1136,52:54.0,51.39589362,8.262492381,996.625,9.8,10521
1137,52:56.0,51.39589393,8.262470563,996,10.45,10521
1138,52:58.0,51.39589535,8.262464977,995,11.15,10521
1139,53:00.0,51.39589913,8.262460354,995,11.85,10521
1140,53:02.0,51.39589994,8.262437528,994.25,11.4,10521
1141,53:04.0,51.39590562,8.262432875,994.25,10.35,10521
1142,53:06.0,51.39590837,8.262416101,995.75,9.8,10521
1143,53:08.0,51.39591309,8.262411463,998,9.2,10521
1144,53:10.0,51.39591465,8.262404383,999.25,9.8,10521
1145,53:12.0,51.39591327,8.262384485,999.375,9.8,10521
1146,53:14.0,51.39591479,8.262379498,998.875,9.75,10521
1147,53:16.0,51.39592132,8.262375625,999.375,10.4,10521
1148,53:18.0,51.39592429,8.262376303,998.75,12.1,10521
1149,53:20.0,51.39592241,8.262380896,998.375,13.45,10521
1150,53:22.0,51.39592623,8.262382356,997.625,13.6,10521
1151,53:24.0,51.39592616,8.262371711,997.625,13.85,10521
1152,53:26.0,51.39592528,8.262382371,996.875,15.25,10521
1153,53:28.0,51.39592428,8.262374783,996.5,17.85,10521
1154,53:30.0,51.39591889,8.262370892,997.25,19.25,10521
1155,53:32.0,51.39591473,8.262370625,999,20.8,10225
1156,53:34.0,51.39591284,8.262371925,1000,22.4,10225
1157,53:36.0,51.39591767,8.262382493,1000.375,23.35,10225
1158,53:38.0,51.39591677,8.262391632,999.875,24.3,10225
1159,53:40.0,51.39592027,8.262393924,1000,25.25,10225
1160,53:42.0,51.39592439,8.262393031,998.75,24.15,9411
1161,53:44.0,51.39592528,8.262387402,998,21.3,9411
1162,53:46.0,51.39592432,8.262380866,997,17.6,9411
1163,53:48.0,51.39592163,8.262377939,996.875,15.2,9411
1164,53:50.0,51.39591763,8.26237641,995.875,13.6,9411
1165,53:52.0,51.39591624,8.262378681,995.25,10.75,9411
1166,53:54.0,51.3959158,8.262385289,996.5,8.65,9411
1167,53:56.0,51.39591781,8.262405304,998.875,6.6,9411
1168,53:58.0,51.39591789,8.262390943,1000.125,4.7,9411
1169,54:00.0,51.39591959,8.262385504,1000.375,3.4,9411
1170,54:02.0,51.3959253,8.262385413,999.5,3.3,9411
1171,54:04.0,51.39592527,8.26238085,999.875,3.3,8671
1172,54:06.0,51.39592146,8.262380912,999.5,3.35,8671
1173,54:08.0,51.39591996,8.262388064,999.5,2.85,8671
1174,54:10.0,51.39592155,8.262394597,999,3.4,8671
1175,54:12.0,51.3959244,8.262394552,998.625,3.95,8671
1176,54:14.0,51.3959234,8.262386964,997.625,5.1,8671
1177,54:16.0,51.39591945,8.262381459,997,5.65,8671
1178,54:18.0,51.39591479,8.262379498,997.75,5.7,8671
1179,54:20.0,51.39591243,8.262390113,999.875,5.2,8671
1180,54:22.0,51.39591396,8.262397761,1000.375,5.75,8671
1181,54:24.0,51.39591681,8.262397715,1000.125,5.8,8227
1182,54:26.0,51.39591675,8.262388592,999.75,6.45,8227
1183,54:28.0,51.39591277,8.262385395,999.875,7.15,8227
1184,54:30.0,51.39590817,8.262385688,999,9.5,8227
1185,54:32.0,51.39590874,8.262392766,998.25,12.95,8227
1186,54:34.0,51.3959111,8.262397807,997.125,16.5,8227
1187,54:36.0,51.39591491,8.262397746,997,15.65,7931
1188,54:38.0,51.39591488,8.262393184,995.875,16,7931
1189,54:40.0,51.39591303,8.262400818,995.875,16.8,7931
1190,54:42.0,51.39591535,8.262404262,996,17.6,7931
1191,54:44.0,51.39592258,8.262406748,997,17.3,7265
1192,54:46.0,51.39592981,8.262408246,997.625,17.45,7265
1193,54:48.0,51.39593304,8.26240658,998,18.1,7265
1194,54:50.0,51.39593351,8.262399704,997.75,19.3,7265
1195,54:52.0,51.395932,8.262392909,998.25,19.35,7265
1196,54:54.0,51.39592628,8.262389606,997.625,20.05,7265
1197,54:56.0,51.39592368,8.262389887,997.5,19.45,7265
1198,54:58.0,51.39592248,8.262391541,996.875,19.5,7265
1199,55:00.0,51.39592251,8.262396103,997,20.7,7265
1200,55:02.0,51.39592539,8.262397035,996.375,22,6303
1201,55:04.0,51.39592916,8.262394475,996.375,22.05,6303
1202,55:06.0,51.39592814,8.262383846,996.625,22.65,6303
1203,55:08.0,51.39592337,8.262382402,998,22.7,6303
1204,55:10.0,51.39592248,8.262391541,998.625,23.35,6303
1205,55:12.0,51.39592253,8.262399144,998.75,23.45,6303
1206,55:14.0,51.39592519,8.262400981,998.125,23.5,6303
1207,55:16.0,51.39592825,8.262400573,998.125,22.95,6303
1208,55:18.0,51.39592818,8.262389928,997.125,23.5,6303
1209,55:20.0,51.39592547,8.26238895,996.375,23.6,6303
1210,55:22.0,51.39592247,8.26239002,995.5,23,6303
1211,55:24.0,51.39592023,8.262396305,995.75,23.6,6303
1212,55:26.0,51.39592064,8.262400696,995,22.9,6303
1213,55:28.0,51.39592254,8.262400665,994.75,21.5,5711
1214,55:30.0,51.39592059,8.262393092,995.375,18.7,5711
1215,55:32.0,51.39591707,8.262391746,997.125,17.2,5711
1216,55:34.0,51.39590658,8.262396495,998.375,15.75,5711
1217,55:36.0,51.39590443,8.262394873,998.625,13.65,5711
1218,55:38.0,51.39590437,8.262385749,998.125,11.55,5711
1219,55:40.0,51.3959086,8.262383386,998.125,10.1,5711
1220,55:42.0,51.39591483,8.262385581,998,8.1,5711
1221,55:44.0,51.39591781,8.262405304,998.125,7.4,5637
1222,55:46.0,51.39592132,8.262406184,997.75,7.1,4675
1223,55:48.0,51.39592447,8.262405197,997.625,7.2,4675
1224,55:50.0,51.39592626,8.2623958,996.875,7.85,4675
1225,55:52.0,51.39592436,8.262386949,996.375,7.95,4675
1226,55:54.0,51.39591865,8.26238704,997.25,8,4675
1227,55:56.0,51.39591669,8.262393068,998.875,8.05,4675
1228,55:58.0,51.39591691,8.262412922,999.875,8.05,4675
1229,56:00.0,51.39591387,8.262407848,997.25,8.65,4675
1230,56:02.0,51.39590983,8.262395521,996.5,9.8,4675
1231,56:04.0,51.39590827,8.262386816,999.75,10.45,4675
1232,56:06.0,51.39590911,8.262382631,998.875,11.15,4675
1233,56:08.0,51.39591432,8.262381116,999.25,11.85,4675
1234,56:10.0,51.39591862,8.262382478,998.875,11.4,4675
1235,56:12.0,51.39592158,8.26239916,998.375,10.35,4379
1236,56:14.0,51.39592429,8.262392826,997.625,9.8,4379
1237,56:16.0,51.39592436,8.262388469,997.25,9.2,4379
1238,56:18.0,51.39592245,8.262386979,996.5,9.8,4379
1239,56:20.0,51.39592248,8.262391541,995.875,9.8,4009
1240,56:22.0,51.39592533,8.262391495,996.5,9.75,4009
1241,56:24.0,51.39592529,8.262383892,998,10.4,4009
1242,56:26.0,51.39592146,8.262380912,998.875,12.1,4009
1243,56:28.0,51.39591952,8.262389837,999,13.45,4009
1244,56:30.0,51.39592158,8.26239916,998.75,13.6,3639
1245,56:32.0,51.39592538,8.262399099,999.25,13.85,3639
1246,56:34.0,51.3959261,8.262393672,998.125,15.25,3639
1247,56:36.0,51.39592436,8.262386949,997.125,17.85,3639
1248,56:38.0,51.39592083,8.262384896,996.125,19.25,3195
1249,56:40.0,51.39591864,8.26238552,995.875,20.8,3195
1250,56:42.0,51.39591962,8.262390066,995,22.4,3195
1251,56:44.0,51.39591579,8.262387086,994,23.35,3195
1252,56:46.0,51.39592342,8.262390005,994.75,24.3,3195
1253,56:48.0,51.39592147,8.262382432,996.875,25.25,3195
1254,56:50.0,51.39591864,8.26238552,998.25,24.15,3195
1255,56:52.0,51.39592247,8.26239002,998.375,21.3,2233
1256,56:54.0,51.39592243,8.262383938,998.125,17.6,2233
1257,56:56.0,51.39591863,8.262383999,998.375,15.2,2233
1258,56:58.0,51.39591868,8.262391602,998.375,13.6,2233
1259,57:00.0,51.39592249,8.262393061,998.375,10.75,2233
1260,57:02.0,51.3959215,8.262386995,998.625,8.65,2233
1261,57:04.0,51.39592152,8.262390035,998,6.6,2233
1262,57:06.0,51.39592436,8.262386949,997.125,4.7,2233
1263,57:08.0,51.39591866,8.262388561,995.5,3.4,2233
1264,57:10.0,51.39591862,8.262382478,996.375,3.3,2233
1265,57:12.0,51.39591676,8.262390113,997.75,3.3,2233
1266,57:14.0,51.39591479,8.262379498,999.375,3.35,2233
1267,57:16.0,51.39591083,8.262376872,999.25,2.85,2233
1268,57:18.0,51.39589579,8.262381974,998.875,3.4,1937
1269,57:20.0,51.39589326,8.26238171,998.625,3.95,1937
1270,57:22.0,51.39589196,8.262379865,998.375,5.1,1937
1271,57:24.0,51.3958928,8.262361601,997.625,5.65,1937
1272,57:26.0,51.39588712,8.262366255,997.5,5.7,1493
1273,57:28.0,51.3958837,8.262375796,996.875,5.2,1493
1274,57:30.0,51.39588158,8.262392199,996.625,5.75,1493
1275,57:32.0,51.39588621,8.262372354,995.75,5.8,1493
1276,57:34.0,51.39588625,8.262378437,996.5,6.45,1493
1277,57:36.0,51.39589006,8.262379895,997.75,7.15,1493
1278,57:38.0,51.39588718,8.26237538,999.5,9.5,1419
1279,57:40.0,51.39588529,8.262378452,999.5,12.95,975
1280,57:42.0,51.3958862,8.262370833,999.375,16.5,975
1281,57:44.0,51.39588334,8.262370879,999.25,15.65,975
1282,57:46.0,51.39588338,8.262376962,999,16,975
1283,57:48.0,51.39588815,8.262378405,998,16.8,975
1284,57:50.0,51.39588624,8.262376916,997.25,17.6,975
1285,57:52.0,51.39588629,8.262386039,996.5,17.3,605
1286,57:54.0,51.39589011,8.262387499,994.375,17.45,605
1287,57:56.0,51.39589006,8.262379895,994.375,18.1,605
1288,57:58.0,51.39588719,8.262376901,994.875,19.3,605
1289,58:00.0,51.39588725,8.262387545,995.75,19.35,605
1290,58:02.0,51.39588814,8.262376885,996.875,20.05,309
1291,58:04.0,51.39588528,8.26237541,996.625,19.45,309
1292,58:06.0,51.39588627,8.262382998,996.375,19.5,309
1293,58:08.0,51.39588912,8.262381431,995.75,20.7,309
1294,58:10.0,51.39592092,8.262354309,994.875,22,0