time_increment,realtime,machine[3].lat,machine[3].long,machine[3].logging_volume.current,machine[3].working_time.current,machine[3].technical_data.engine_revolutions,machine[3].technical_data.fuel_consumption,machine[3].technical_data.vehicle_payload
0,15:02.0,51.39591285,8.262373445,1,1,1,1,1
1,15:04.0,51.39590622,8.262378115,2,2,2,2,2
2,15:06.0,51.39590352,8.262402492,3,3,3,3,3
3,15:08.0,51.39590069,8.262405579,4,4,4,4,4
4,15:10.0,51.39589511,8.262419461,5,5,5,5,5
5,15:12.0,51.39589146,8.262451353,6,6,6,6,6
6,15:14.0,51.39588701,8.262500092,7,7,7,7,7
7,15:16.0,51.3958855,8.262517721,8,8,8,8,8
8,15:18.0,51.39588716,8.262524422,9,9,9,9,9
9,15:20.0,51.39589194,8.262527387,10,10,10,10,10
10,15:22.0,51.39588436,8.262532071,11,11,11,11,11
11,15:24.0,51.39588353,8.26253894,12,12,12,12,12
12,15:26.0,51.39588794,8.262560183,13,13,13,13,13
13,15:28.0,51.39588647,8.262565496,14,14,14,14,14
14,15:30.0,51.39588268,8.262567078,15,15,15,15,15
15,15:32.0,51.39588088,8.262570195,16,16,16,16,16
16,15:34.0,51.39588031,8.262575711,17,17,17,17,17
17,15:36.0,51.39588285,8.26259445,18,18,18,18,18
18,15:38.0,51.3958848,8.262602023,19,19,19,19,19
19,15:40.0,51.39588861,8.262603483,20,20,20,20,20
20,15:42.0,51.39588868,8.262614127,21,21,21,21,21
21,15:44.0,51.39588862,8.262628095,22,22,22,22,22
22,15:46.0,51.3958869,8.262633927,23,23,23,23,23
23,15:48.0,51.39588026,8.262637075,24,24,24,24,24
24,15:50.0,51.39587839,8.262641456,25,25,25,25,25
25,15:52.0,51.39587777,8.262648581,26,26,26,26,26
26,15:54.0,51.39588043,8.262664448,27,27,27,27,27
27,15:56.0,51.39588524,8.262671974,28,28,28,28,28
28,15:58.0,51.39588763,8.262686658,29,29,29,29,29
29,16:00.0,51.39588707,8.26269221,30,30,30,30,30
30,16:02.0,51.39588538,8.262694785,31,31,31,31,31
31,16:04.0,51.39588158,8.262694846,32,32,32,32,32
32,16:06.0,51.39587983,8.262702148,33,33,33,33,33
33,16:08.0,51.39588168,8.262711573,34,34,34,34,34
34,16:10.0,51.39588551,8.262714554,35,35,35,35,35
35,16:12.0,51.39588828,8.262721404,36,36,36,36,36
36,16:14.0,51.39588943,8.262732155,37,37,37,37,37
37,16:16.0,51.39588845,8.262741122,38,38,38,38,38
38,16:18.0,51.3958857,8.262744968,39,39,39,39,39
39,16:20.0,51.39588284,8.262745014,40,40,40,40,40
40,16:22.0,51.39588257,8.262747628,41,41,41,41,41
41,16:24.0,51.39588866,8.262761649,42,42,42,42,42
42,16:26.0,51.39588596,8.262786026,43,43,43,43,43
43,16:28.0,51.3958921,8.262822816,44,44,44,44,44
44,16:30.0,51.39589193,8.262829576,45,45,45,45,45
45,16:32.0,51.39589007,8.262834627,46,46,46,46,46
46,16:34.0,51.39588629,8.26283925,47,47,47,47,47
47,16:36.0,51.39588634,8.262846854,48,48,48,48,48
48,16:38.0,51.39588919,8.262846808,49,49,49,49,49
49,16:40.0,51.39588928,8.262860494,50,50,50,50,50
50,16:42.0,51.3958921,8.262855886,51,51,51,51,51
51,16:44.0,51.39589106,8.262840694,52,52,52,52,52
52,16:46.0,51.39589304,8.262855157,53,53,53,53,53
53,16:48.0,51.39589214,8.262861969,54,54,54,54,54
54,16:50.0,51.39588767,8.262863478,55,55,55,55,55
55,16:52.0,51.39588453,8.262862091,56,56,56,56,56
56,16:54.0,51.39588447,8.262852967,57,57,57,57,57
57,16:56.0,51.3958854,8.26284839,58,58,58,58,58
58,16:58.0,51.39588479,8.262868077,59,59,59,59,59
59,17:00.0,51.39588652,8.262875746,60,60,60,60,60
60,17:02.0,51.39589225,8.262878696,61,61,61,61,61
61,17:04.0,51.39589124,8.262869588,62,62,62,62,62
62,17:06.0,51.39588743,8.262869649,63,63,63,63,63
63,17:08.0,51.39588748,8.262877252,64,64,64,64,64
64,17:10.0,51.39589226,8.262880217,65,65,65,65,65
65,17:12.0,51.39589252,8.262873904,66,66,66,66,66
66,17:14.0,51.39589026,8.262865041,67,67,67,67,67
67,17:16.0,51.39588559,8.262878803,68,68,68,68,68
68,17:18.0,51.39588122,8.262907877,69,69,69,69,69
69,17:20.0,51.39588206,8.262916806,70,70,70,70,70
70,17:22.0,51.3958849,8.262921398,71,71,71,71,71
71,17:24.0,51.39589157,8.262922812,72,72,72,72,72
72,17:26.0,51.39589161,8.262928895,73,73,73,73,73
73,17:28.0,51.39588785,8.262936559,74,74,74,74,74
74,17:30.0,51.39588795,8.262951766,75,75,75,75,75
75,17:32.0,51.39588414,8.262951827,76,76,76,76,76
76,17:34.0,51.39588043,8.262965574,77,77,77,77,77
77,17:36.0,51.39587569,8.262968692,78,78,78,78,78
78,17:38.0,51.39587581,8.262988461,79,79,79,79,79
79,17:40.0,51.39587393,8.262991533,80,80,80,80,80
80,17:42.0,51.39587101,8.262980934,81,81,81,81,81
81,17:44.0,51.39586916,8.262990089,82,82,82,82,82
82,17:46.0,51.39586922,8.262999213,83,83,83,83,83
83,17:48.0,51.39587236,8.263001235,84,84,84,84,84
84,17:50.0,51.39587589,8.263000626,85,85,85,85,85
85,17:52.0,51.39587581,8.262988461,86,86,86,86,86
86,17:54.0,51.39587411,8.263020426,87,87,87,87,87
87,17:56.0,51.39587005,8.262979428,88,88,88,88,88
88,17:58.0,51.39586909,8.262992325,89,89,89,89,89
89,18:00.0,51.39587016,8.262997677,90,90,90,90,90
90,18:02.0,51.39587776,8.262996033,91,91,91,91,91
91,18:04.0,51.3958759,8.263002147,92,92,92,92,92
92,18:06.0,51.39587872,8.262997539,93,93,93,93,93
93,18:08.0,51.3958787,8.262992978,94,94,94,94,94
94,18:10.0,51.3958749,8.262994559,95,95,95,95,95
95,18:12.0,51.39587413,8.26299831,96,96,96,96,96
96,18:14.0,51.3958776,8.263013503,97,97,97,97,97
97,18:16.0,51.39587695,8.263017338,98,98,98,98,98
98,18:18.0,51.39587219,8.263017415,99,99,99,99,99
99,18:20.0,51.39587796,8.263027968,100,100,100,100,100
100,18:22.0,51.395878,8.26303405,101,101,101,101,101
101,18:24.0,51.39587326,8.263035648,102,102,102,102,102
102,18:26.0,51.39587331,8.263044772,103,103,103,103,103
103,18:28.0,51.39587518,8.263038659,104,104,104,104,104
104,18:30.0,51.39587617,8.263044726,105,105,105,105,105
105,18:32.0,51.39587767,8.263058532,106,106,106,106,106
106,18:34.0,51.39587629,8.263064495,107,107,107,107,107
107,18:36.0,51.39587059,8.263066108,108,108,108,108,108
108,18:38.0,51.39587065,8.263075231,109,109,109,109,109
109,18:40.0,51.3958773,8.263073604,110,110,110,110,110
110,18:42.0,51.39587914,8.26308072,111,111,111,111,111
111,18:44.0,51.39587834,8.263087275,112,112,112,112,112
112,18:46.0,51.39587358,8.263087351,113,113,113,113,113
113,18:48.0,51.39587161,8.263076737,114,114,114,114,114
114,18:50.0,51.39586781,8.263076798,115,115,115,115,115
115,18:52.0,51.39586783,8.26308136,116,116,116,116,116
116,18:54.0,51.39586789,8.263090485,117,117,117,117,117
117,18:56.0,51.39587361,8.263091914,118,118,118,118,118
118,18:58.0,51.39587465,8.263098481,119,119,119,119,119
119,19:00.0,51.3958737,8.26310712,120,120,120,120,120
120,19:02.0,51.39587272,8.263101053,121,121,121,121,121
121,19:04.0,51.39587543,8.263099644,122,122,122,122,122
122,19:06.0,51.39587842,8.263100961,123,123,123,123,123
123,19:08.0,51.3958794,8.263105508,124,124,124,124,124
124,19:10.0,51.39587181,8.263108672,125,125,125,125,125
125,19:12.0,51.39587375,8.263114724,126,126,126,126,126
126,19:14.0,51.39587563,8.263110131,127,127,127,127,127
127,19:16.0,51.39587412,8.263105517,128,128,128,128,128
128,19:18.0,51.39586986,8.263101099,129,129,129,129,129
129,19:20.0,51.39586804,8.263112764,130,130,130,130,130
130,19:22.0,51.39587,8.263122388,131,131,131,131,131
131,19:24.0,51.39587569,8.263120776,132,132,132,132,132
132,19:26.0,51.3958773,8.263127275,133,133,133,133,133
133,19:28.0,51.39587672,8.263132926,134,134,134,134,134
134,19:30.0,51.39587385,8.263129931,135,135,135,135,135
135,19:32.0,51.39587281,8.263116259,136,136,136,136,136
136,19:34.0,51.39586997,8.263117826,137,137,137,137,137
137,19:36.0,51.39587002,8.26312695,138,138,138,138,138
138,19:38.0,51.39587669,8.263128364,139,139,139,139,139
139,19:40.0,51.39588013,8.263134146,140,140,140,140,140
140,19:42.0,51.39588223,8.263144755,141,141,141,141,141
141,19:44.0,51.3958821,8.263155356,142,142,142,142,142
142,19:46.0,51.39587976,8.263161773,143,143,143,143,143
143,19:48.0,51.39587502,8.263164891,144,144,144,144,144
144,19:50.0,51.39587412,8.263169891,145,145,145,145,145
145,19:52.0,51.39587511,8.263178577,146,146,146,146,146
146,19:54.0,51.39587726,8.263186535,147,147,147,147,147
147,19:56.0,51.39587994,8.263190667,148,148,148,148,148
148,19:58.0,51.3958866,8.26319056,149,149,149,149,149
149,20:00.0,51.395889,8.263197544,150,150,150,150,150
150,20:02.0,51.39588774,8.263220957,151,151,151,151,151
151,20:04.0,51.39588785,8.263237686,152,152,152,152,152
152,20:06.0,51.39588502,8.263242293,153,153,153,153,153
153,20:08.0,51.39588381,8.263254865,154,154,154,154,154
154,20:10.0,51.39588995,8.263287506,155,155,155,155,155
155,20:12.0,51.39588941,8.263291995,156,156,156,156,156
156,20:14.0,51.39588725,8.263293966,157,157,157,157,157
157,20:16.0,51.39588249,8.263294043,158,158,158,158,158
158,20:18.0,51.39588044,8.263296342,159,159,159,159,159
159,20:20.0,51.39588028,8.263301789,160,160,160,160,160
160,20:22.0,51.39588704,8.263336055,161,161,161,161,161
161,20:24.0,51.3958866,8.263341231,162,162,162,162,162
162,20:26.0,51.39588471,8.263344194,163,163,163,163,163
163,20:28.0,51.39588186,8.263345761,164,164,164,164,164
164,20:30.0,51.39587745,8.263352195,165,165,165,165,165
165,20:32.0,51.39587606,8.263363644,166,166,166,166,166
166,20:34.0,51.39588229,8.263412671,167,167,167,167,167
167,20:36.0,51.39588879,8.263440204,168,168,168,168,168
168,20:38.0,51.39588885,8.26344559,169,169,169,169,169
169,20:40.0,51.39588727,8.263449091,170,170,170,170,170
170,20:42.0,51.39588253,8.263452209,171,171,171,171,171
171,20:44.0,51.39588163,8.263459828,172,172,172,172,172
172,20:46.0,51.39588464,8.263484114,173,173,173,173,173
173,20:48.0,51.39588183,8.263491762,174,174,174,174,174
174,20:50.0,51.39588069,8.26350255,175,175,175,175,175
175,20:52.0,51.39588199,8.263517614,176,176,176,176,176
176,20:54.0,51.39588493,8.263531254,177,177,177,177,177
177,20:56.0,51.3958802,8.263534372,178,178,178,178,178
178,20:58.0,51.39587846,8.263542888,179,179,179,179,179
179,21:00.0,51.39588032,8.263554141,180,180,180,180,180
180,21:02.0,51.39588416,8.263560163,181,181,181,181,181
181,21:04.0,51.39588704,8.263575798,182,182,182,182,182
182,21:06.0,51.39588441,8.263599701,183,183,183,183,183
183,21:08.0,51.39588069,8.263613448,184,184,184,184,184
184,21:10.0,51.39587961,8.263625464,185,185,185,185,185
185,21:12.0,51.39588082,8.263633217,186,186,186,186,186
186,21:14.0,51.39588466,8.263639238,187,187,187,187,187
187,21:16.0,51.39588505,8.263645096,188,188,188,188,188
188,21:18.0,51.39588194,8.263660574,189,189,189,189,189
189,21:20.0,51.39588207,8.263681864,190,190,190,190,190
190,21:22.0,51.39588498,8.263689422,191,191,191,191,191
191,21:24.0,51.39587838,8.263700173,192,192,192,192,192
192,21:26.0,51.39588129,8.263707731,193,193,193,193,193
193,21:28.0,51.39588222,8.263704674,194,194,194,194,194
194,21:30.0,51.39588229,8.263716839,195,195,195,195,195
195,21:32.0,51.39588799,8.263715227,196,196,196,196,196
196,21:34.0,51.39589086,8.263707834,197,197,197,197,197
197,21:36.0,51.39589258,8.263687778,198,198,198,198,198
198,21:38.0,51.39589367,8.263710574,199,199,199,199,199
199,21:40.0,51.39589864,8.263700477,200,200,200,200,200
200,21:42.0,51.39590022,8.263692218,201,201,201,201,201
201,21:44.0,51.3958959,8.263692606,202,202,202,202,202
202,21:46.0,51.39589167,8.263695397,203,203,203,203,203
203,21:48.0,51.39588893,8.263713691,204,204,204,204,204
204,21:50.0,51.39588749,8.263697807,205,205,205,205,205
205,21:52.0,51.39588596,8.263693968,206,206,206,206,206
206,21:54.0,51.39587934,8.263700158,207,207,207,207,207
207,21:56.0,51.39587691,8.263708293,208,208,208,208,208
208,21:58.0,51.39587658,8.26371541,209,209,209,209,209
209,22:00.0,51.39588066,8.263714147,210,210,210,210,210
210,22:02.0,51.39588699,8.263707639,211,211,211,211,211
211,22:04.0,51.39589075,8.263699974,212,212,212,212,212
212,22:06.0,51.39588879,8.263690881,213,213,213,213,213
213,22:08.0,51.39588792,8.263703062,214,214,214,214,214
214,22:10.0,51.3958943,8.263704518,215,215,215,215,215
215,22:12.0,51.39589555,8.263705981,216,216,216,216,216
216,22:14.0,51.39589557,8.263710543,217,217,217,217,217
217,22:16.0,51.39589412,8.263712366,218,218,218,218,218
218,22:18.0,51.39588608,8.263713737,219,219,219,219,219
219,22:20.0,51.39588328,8.263722907,220,220,220,220,220
220,22:22.0,51.39589179,8.263713645,221,221,221,221,221
221,22:24.0,51.39589641,8.263702524,222,222,222,222,222
222,22:26.0,51.39589738,8.263695305,223,223,223,223,223
223,22:28.0,51.39589169,8.263694619,224,224,224,224,224
224,22:30.0,51.39588503,8.263698545,225,225,225,225,225
225,22:32.0,51.39588128,8.26370621,226,226,226,226,226
226,22:34.0,51.39588136,8.263719896,227,227,227,227,227
227,22:36.0,51.39588314,8.263719718,228,228,228,228,228
228,22:38.0,51.39588655,8.263714427,229,229,229,229,229
229,22:40.0,51.39589264,8.263698423,230,230,230,230,230
230,22:42.0,51.3958935,8.263683201,231,231,231,231,231
231,22:44.0,51.39589685,8.263703951,232,232,232,232,232
232,22:46.0,51.39589689,8.263712147,233,233,233,233,233
233,22:48.0,51.3958956,8.263715104,234,234,234,234,234
234,22:50.0,51.39589033,8.263713204,235,235,235,235,235
235,22:52.0,51.395887,8.26370916,236,236,236,236,236
236,22:54.0,51.39588601,8.263703092,237,237,237,237,237
237,22:56.0,51.39588887,8.263703046,238,238,238,238,238
238,22:58.0,51.39589191,8.263707966,239,239,239,239,239
239,23:00.0,51.39589274,8.263713629,240,240,240,240,240
240,23:02.0,51.39588892,8.26371217,241,241,241,241,241
241,23:04.0,51.39588692,8.263706702,242,242,242,242,242
242,23:06.0,51.39588595,8.263692447,243,243,243,243,243
243,23:08.0,51.39588512,8.263712231,244,244,244,244,244
244,23:10.0,51.39588508,8.263706149,245,245,245,245,245
245,23:12.0,51.39588805,8.263703988,246,246,246,246,246
246,23:14.0,51.39589458,8.263704475,247,247,247,247,247
247,23:16.0,51.39588938,8.263704637,248,248,248,248,248
248,23:18.0,51.39588698,8.263706118,249,249,249,249,249
249,23:20.0,51.39588705,8.263716763,250,250,250,250,250
250,23:22.0,51.39589011,8.263719409,251,251,251,251,251
251,23:24.0,51.39589373,8.263719697,252,252,252,252,252
252,23:26.0,51.39589502,8.263714066,253,253,253,253,253
253,23:28.0,51.39589458,8.263704475,254,254,254,254,254
254,23:30.0,51.39588897,8.263719774,255,255,255,255,255
255,23:32.0,51.39588556,8.263716434,256,256,256,256,256
256,23:34.0,51.39588321,8.263710741,257,257,257,257,257
257,23:36.0,51.39588317,8.263704659,258,258,258,258,258
258,23:38.0,51.39587746,8.26370475,259,259,259,259,259
259,23:40.0,51.39587454,8.263694151,260,260,260,260,260
260,23:42.0,51.39587319,8.263679111,261,261,261,261,261
261,23:44.0,51.39587514,8.263637871,262,262,262,262,262
262,23:46.0,51.39586972,8.263610931,263,263,263,263,263
263,23:48.0,51.39587014,8.26359993,264,264,264,264,264
264,23:50.0,51.39587389,8.263590744,265,265,265,265,265
265,23:52.0,51.39587604,8.263576836,266,266,266,266,266
266,23:54.0,51.39587554,8.263549655,267,267,267,267,267
267,23:56.0,51.39587226,8.263482791,268,268,268,268,268
268,23:58.0,51.39586865,8.263445173,269,269,269,269,269
269,24:00.0,51.39586976,8.263437188,270,270,270,270,270
270,24:02.0,51.3958729,8.263432593,271,271,271,271,271
271,24:04.0,51.39587574,8.263431027,272,272,272,272,272
272,24:06.0,51.3958771,8.263425784,273,273,273,273,273
273,24:08.0,51.39587237,8.263406544,274,274,274,274,274
274,24:10.0,51.39587269,8.263399138,275,275,275,275,275
275,24:12.0,51.39587645,8.263392994,276,276,276,276,276
276,24:14.0,51.39587639,8.263382349,277,277,277,277,277
277,24:16.0,51.39587155,8.26337026,278,278,278,278,278
278,24:18.0,51.39587151,8.263362656,279,279,279,279,279
279,24:20.0,51.39587529,8.263359555,280,280,280,280,280
280,24:22.0,51.39587794,8.263354248,281,281,281,281,281
281,24:24.0,51.39587876,8.263346057,282,282,282,282,282
282,24:26.0,51.39587501,8.263315455,283,283,283,283,283
283,24:28.0,51.39587022,8.263297108,284,284,284,284,284
284,24:30.0,51.3958701,8.263289679,285,285,285,285,285
285,24:32.0,51.39587384,8.263280494,286,286,286,286,286
286,24:34.0,51.39587467,8.263270685,287,287,287,287,287
287,24:36.0,51.39587063,8.263246615,288,288,288,288,288
288,24:38.0,51.39587071,8.26323644,289,289,289,289,289
289,24:40.0,51.39587631,8.263218099,290,290,290,290,290
290,24:42.0,51.39587694,8.263204702,291,291,291,291,291
291,24:44.0,51.39587297,8.263169441,292,292,292,292,292
292,24:46.0,51.39587397,8.263161989,293,293,293,293,293
293,24:48.0,51.39587687,8.263157257,294,294,294,294,294
294,24:50.0,51.39588161,8.26315414,295,295,295,295,295
295,24:52.0,51.39588532,8.263144476,296,296,296,296,296
296,24:54.0,51.39588618,8.263123649,297,297,297,297,297
297,24:56.0,51.39588614,8.263117566,298,298,298,298,298
298,24:58.0,51.39588328,8.263117612,299,299,299,299,299
299,25:00.0,51.3958861,8.263111484,300,300,300,300,300
300,25:02.0,51.39588742,8.263101214,301,301,301,301,301
301,25:04.0,51.39588596,8.263088674,302,302,302,302,302
302,25:06.0,51.39588209,8.263078089,303,303,303,303,303
303,25:08.0,51.39588586,8.263073467,304,304,304,304,304
304,25:10.0,51.39589157,8.26305583,305,305,305,305,305
305,25:12.0,51.39589196,8.263047237,306,306,306,306,306
306,25:14.0,51.39589042,8.263041456,307,307,307,307,307
307,25:16.0,51.39588277,8.263035495,308,308,308,308,308
308,25:18.0,51.39588272,8.263027892,309,309,309,309,309
309,25:20.0,51.39588415,8.26301189,310,310,310,310,310
310,25:22.0,51.39589308,8.262961837,311,311,311,311,311
311,25:24.0,51.39589225,8.262948697,312,312,312,312,312
312,25:26.0,51.39588787,8.2629396,313,313,313,313,313
313,25:28.0,51.395885,8.262936604,314,314,314,314,314
314,25:30.0,51.39588321,8.262927818,315,315,315,315,315
315,25:32.0,51.39588489,8.262918356,316,316,316,316,316
316,25:34.0,51.39588961,8.262913718,317,317,317,317,317
317,25:36.0,51.39589167,8.262908951,318,318,318,318,318
318,25:38.0,51.39589202,8.26290226,319,319,319,319,319
319,25:40.0,51.39588677,8.262873227,320,320,320,320,320
320,25:42.0,51.39588643,8.262862061,321,321,321,321,321
321,25:44.0,51.3958948,8.262829988,322,322,322,322,322
322,25:46.0,51.39589579,8.26281763,323,323,323,323,323
323,25:48.0,51.39589468,8.26281174,324,324,324,324,324
324,25:50.0,51.39588799,8.262807286,325,325,325,325,325
325,25:52.0,51.39588808,8.262803542,326,326,326,326,326
326,25:54.0,51.39589359,8.262788945,327,327,327,327,327
327,25:56.0,51.39589354,8.262781342,328,328,328,328,328
328,25:58.0,51.39588775,8.262769268,329,329,329,329,329
329,26:00.0,51.39588433,8.262755958,330,330,330,330,330
330,26:02.0,51.39588367,8.262739699,331,331,331,331,331
331,26:04.0,51.39589097,8.262681901,332,332,332,332,332
332,26:06.0,51.39589183,8.262661223,333,333,333,333,333
333,26:08.0,51.39588799,8.2626303,334,334,334,334,334
334,26:10.0,51.3958887,8.262617169,335,335,335,335,335
335,26:12.0,51.39589714,8.262597262,336,336,336,336,336
336,26:14.0,51.39589719,8.262587425,337,337,337,337,337
337,26:16.0,51.39589312,8.262563868,338,338,338,338,338
338,26:18.0,51.39589683,8.262518164,339,339,339,339,339
339,26:20.0,51.39589579,8.262509254,340,340,340,340,340
340,26:22.0,51.39589274,8.26250304,341,341,341,341,341
341,26:24.0,51.39588987,8.262500046,342,342,342,342,342
342,26:26.0,51.39589461,8.262498448,343,343,343,343,343
343,26:28.0,51.39589589,8.262493554,344,344,344,344,344
344,26:30.0,51.39589246,8.262476418,345,345,345,345,345
345,26:32.0,51.39589253,8.262469586,346,346,346,346,346
346,26:34.0,51.39589722,8.262458864,347,347,347,347,347
347,26:36.0,51.39589743,8.262451353,348,348,348,348,348
348,26:38.0,51.39589399,8.262432832,349,349,349,349,349
349,26:40.0,51.39589511,8.26242696,350,350,350,350,350
350,26:42.0,51.39590269,8.262422276,351,351,351,351,351
351,26:44.0,51.39590258,8.262404028,352,352,352,352,352
352,26:46.0,51.39591208,8.262402354,353,353,353,353,353
353,26:48.0,51.39591496,8.262394377,354,354,354,354,354
354,26:50.0,51.39591485,8.262388622,355,355,355,355,355
355,26:52.0,51.3959101,8.262388699,356,356,356,356,356
356,26:54.0,51.39590955,8.262395114,357,357,357,357,357
357,26:56.0,51.39591209,8.262403875,358,358,358,358,358
358,26:58.0,51.3959182,8.262405614,359,359,359,359,359
359,27:00.0,51.3959235,8.262402171,360,360,360,360,360
360,27:02.0,51.39592438,8.26239151,361,361,361,361,361
361,27:04.0,51.39592033,8.262384905,362,362,362,362,362
362,27:06.0,51.39591807,8.262383402,363,363,363,363,363
363,27:08.0,51.39591673,8.26238403,364,364,364,364,364
364,27:10.0,51.3959158,8.262388607,365,365,365,365,365
365,27:12.0,51.39591672,8.262382509,366,366,366,366,366
366,27:14.0,51.39591386,8.262382555,367,367,367,367,367
367,27:16.0,51.39591171,8.26238955,368,368,368,368,368
368,27:18.0,51.39591302,8.262399297,369,369,369,369,369
369,27:20.0,51.39591606,8.262400895,370,370,370,370,370
370,27:22.0,51.39592064,8.262400696,371,371,371,371,371
371,27:24.0,51.39592375,8.262394677,372,372,372,372,372
372,27:26.0,51.39592465,8.26238131,373,373,373,373,373
373,27:28.0,51.39592296,8.262368479,374,374,374,374,374
374,27:30.0,51.39591945,8.262362694,375,375,375,375,375
375,27:32.0,51.39591374,8.262362786,376,376,376,376,376
376,27:34.0,51.39591161,8.262367083,377,377,377,377,377
377,27:36.0,51.39591083,8.262375759,378,378,378,378,378
378,27:38.0,51.39591172,8.262384409,379,379,379,379,379
379,27:40.0,51.3959139,8.262388638,380,380,380,380,380
380,27:42.0,51.39591961,8.262388546,381,381,381,381,381
381,27:44.0,51.39592059,8.262383212,382,382,382,382,382
382,27:46.0,51.39591953,8.26237638,383,383,383,383,383
383,27:48.0,51.3959157,8.262371879,384,384,384,384,384
384,27:50.0,51.39591284,8.262371925,385,385,385,385,385
385,27:52.0,51.39591184,8.262375878,386,386,386,386,386
386,27:54.0,51.39591292,8.262384091,387,387,387,387,387
387,27:56.0,51.39591961,8.262393611,388,388,388,388,388
388,27:58.0,51.3959235,8.262395811,389,389,389,389,389
389,28:00.0,51.39592535,8.262394536,390,390,390,390,390
390,28:02.0,51.39592531,8.262386933,391,391,391,391,391
391,28:04.0,51.39592244,8.262381684,392,392,392,392,392
392,28:06.0,51.39591669,8.262377946,393,393,393,393,393
393,28:08.0,51.3959124,8.262377076,394,394,394,394,394
394,28:10.0,51.39591003,8.262378054,395,395,395,395,395
395,28:12.0,51.3959101,8.26239022,396,396,396,396,396
396,28:14.0,51.39591272,8.262394089,397,397,397,397,397
397,28:16.0,51.39591843,8.262395985,398,398,398,398,398
398,28:18.0,51.39592735,8.262395483,399,399,399,399,399
399,28:20.0,51.39593295,8.262392893,400,400,400,400,400
400,28:22.0,51.39593042,8.262387747,401,401,401,401,401
401,28:24.0,51.39592324,8.26237917,402,402,402,402,402
402,28:26.0,51.3959167,8.262373308,403,403,403,403,403
403,28:28.0,51.39591284,8.262371925,404,404,404,404,404
404,28:30.0,51.39591153,8.262379545,405,405,405,405,405
405,28:32.0,51.3959142,8.26241366,406,406,406,406,406
406,28:34.0,51.3959122,8.262420602,407,407,407,407,407
407,28:36.0,51.3959016,8.262417133,408,408,408,408,408
408,28:38.0,51.39589804,8.262413749,409,409,409,409,409
409,28:40.0,51.39589691,8.262410202,410,410,410,410,410
410,28:42.0,51.39590065,8.262399496,411,411,411,411,411
411,28:44.0,51.39590445,8.262397217,412,412,412,412,412
412,28:46.0,51.39591711,8.262399633,413,413,413,413,413
413,28:48.0,51.39592062,8.262397654,414,414,414,414,414
414,28:50.0,51.39592156,8.262384006,415,415,415,415,415
415,28:52.0,51.39591951,8.262373338,416,416,416,416,416
416,28:54.0,51.39591294,8.262387132,417,417,417,417,417
417,28:56.0,51.39591512,8.262389407,418,418,418,418,418
418,28:58.0,51.39592138,8.262390164,419,419,419,419,419
419,29:00.0,51.39592938,8.262389029,420,420,420,420,420
420,29:02.0,51.39593197,8.262386825,421,421,421,421,421
421,29:04.0,51.39592336,8.26237936,422,422,422,422,422
422,29:06.0,51.3959165,8.262378016,423,423,423,423,423
423,29:08.0,51.39591099,8.262379559,424,424,424,424,424
424,29:10.0,51.39590765,8.262387753,425,425,425,425,425
425,29:12.0,51.39590663,8.262403025,426,426,426,426,426
426,29:14.0,51.39590838,8.262416294,427,427,427,427,427
427,29:16.0,51.39591221,8.262422123,428,428,428,428,428
428,29:18.0,51.39591792,8.262422031,429,429,429,429,429
429,29:20.0,51.39592262,8.262414351,430,430,430,430,430
430,29:22.0,51.39592258,8.262406748,431,431,431,431,431
431,29:24.0,51.39592022,8.262400882,432,432,432,432,432
432,29:26.0,51.39591585,8.26239621,433,433,433,433,433
433,29:28.0,51.39590918,8.262394796,434,434,434,434,434
434,29:30.0,51.3959082,8.262399634,435,435,435,435,435
435,29:32.0,51.39590928,8.262410004,436,436,436,436,436
436,29:34.0,51.395912,8.262420204,437,437,437,437,437
437,29:36.0,51.39591508,8.262425119,438,438,438,438,438
438,29:38.0,51.39591999,8.262421546,439,439,439,439,439
439,29:40.0,51.39592546,8.262411264,440,440,440,440,440
440,29:42.0,51.3959248,8.262407424,441,441,441,441,441
441,29:44.0,51.39592085,8.262403243,442,442,442,442,442
442,29:46.0,51.39589869,8.262390403,443,443,443,443,443
443,29:48.0,51.39590777,8.26239129,444,444,444,444,444
444,29:50.0,51.39593394,8.262398961,445,445,445,445,445
445,29:52.0,51.39592111,8.262394119,446,446,446,446,446
446,29:54.0,51.39591869,8.262394643,447,447,447,447,447
447,29:56.0,51.39592157,8.262397639,448,448,448,448,448
448,29:58.0,51.39592536,8.262396057,449,449,449,449,449
449,30:00.0,51.3959243,8.262393986,450,450,450,450,450
450,30:02.0,51.39591955,8.26239135,451,451,451,451,451
451,30:04.0,51.39591573,8.262390549,452,452,452,452,452
452,30:06.0,51.39591392,8.262391678,453,453,453,453,453
453,30:08.0,51.39591398,8.262400803,454,454,454,454,454
454,30:10.0,51.39591685,8.262403798,455,455,455,455,455
455,30:12.0,51.39592403,8.26240721,456,456,456,456,456
456,30:14.0,51.39592629,8.262406873,457,457,457,457,457
457,30:16.0,51.39592732,8.262405151,458,458,458,458,458
458,30:18.0,51.3959273,8.262400589,459,459,459,459,459
459,30:20.0,51.39592515,8.262392351,460,460,460,460,460
460,30:22.0,51.39592,8.262383236,461,461,461,461,461
461,30:24.0,51.3959137,8.262376552,462,462,462,462,462
462,30:26.0,51.39591138,8.262375624,463,463,463,463,463
463,30:28.0,51.39591002,8.262376533,464,464,464,464,464
464,30:30.0,51.39590919,8.262396317,465,465,465,465,465
465,30:32.0,51.39591211,8.262406916,466,466,466,466,466
466,30:34.0,51.39591499,8.262411433,467,467,467,467,467
467,30:36.0,51.39591935,8.262412865,468,468,468,468,468
468,30:38.0,51.39592261,8.26241131,469,469,469,469,469
469,30:40.0,51.39592159,8.26240068,470,470,470,470,470
470,30:42.0,51.39591734,8.262394878,471,471,471,471,471
471,30:44.0,51.39591203,8.26239323,472,472,472,472,472
472,30:46.0,51.39590918,8.262394796,473,473,473,473,473
473,30:48.0,51.39590818,8.262400409,474,474,474,474,474
474,30:50.0,51.39590927,8.262408483,475,475,475,475,475
475,30:52.0,51.39591206,8.262397792,476,476,476,476,476
476,30:54.0,51.39591776,8.2623977,477,477,477,477,477
477,30:56.0,51.39591772,8.262391617,478,478,478,478,478
478,30:58.0,51.39591549,8.262388983,479,479,479,479,479
479,31:00.0,51.39591295,8.262388653,480,480,480,480,480
480,31:02.0,51.39591107,8.262391725,481,481,481,481,481
481,31:04.0,51.39591298,8.262394803,482,482,482,482,482
482,31:06.0,51.3959168,8.262396195,483,483,483,483,483
483,31:08.0,51.39591674,8.26238555,484,484,484,484,484
484,31:10.0,51.39591289,8.262379528,485,485,485,485,485
485,31:12.0,51.39591296,8.262390174,486,486,486,486,486
486,31:14.0,51.39591594,8.262391852,487,487,487,487,487
487,31:16.0,51.39592058,8.262391571,488,488,488,488,488
488,31:18.0,51.39591604,8.262386613,489,489,489,489,489
489,31:20.0,51.39591293,8.262385611,490,490,490,490,490
490,31:22.0,51.39591299,8.262394735,491,491,491,491,491
491,31:24.0,51.39591732,8.262401305,492,492,492,492,492
492,31:26.0,51.39592256,8.262403707,493,493,493,493,493
493,31:28.0,51.39592241,8.26239628,494,494,494,494,494
494,31:30.0,51.39592057,8.26239005,495,495,495,495,495
495,31:32.0,51.39591626,8.262387629,496,496,496,496,496
496,31:34.0,51.39591295,8.262388653,497,497,497,497,497
497,31:36.0,51.39591205,8.262396271,498,498,498,498,498
498,31:38.0,51.39591591,8.262405334,499,499,499,499,499
499,31:40.0,51.39592259,8.262408269,500,500,500,500,500
500,31:42.0,51.39591497,8.26240687,501,501,501,501,501
501,31:44.0,51.39591504,8.262419036,502,502,502,502,502
502,31:46.0,51.39591597,8.262414458,503,503,503,503,503
503,31:48.0,51.3959131,8.26240967,504,504,504,504,504
504,31:50.0,51.3959064,8.262407008,505,505,505,505,505
505,31:52.0,51.39590917,8.262418982,506,506,506,506,506
506,31:54.0,51.39591319,8.26242667,507,507,507,507,507
507,31:56.0,51.39591314,8.262419066,508,508,508,508,508
508,31:58.0,51.3959093,8.262413045,509,509,509,509,509
509,32:00.0,51.39590644,8.262413091,510,510,510,510,510
510,32:02.0,51.39590515,8.262418925,511,511,511,511,511
511,32:04.0,51.39590652,8.262425256,512,512,512,512,512
512,32:06.0,51.39591032,8.262425195,513,513,513,513,513
513,32:08.0,51.39591181,8.26242037,514,514,514,514,514
514,32:10.0,51.39591119,8.262411494,515,515,515,515,515
515,32:12.0,51.39590849,8.262406026,516,516,516,516,516
516,32:14.0,51.39590351,8.262400971,517,517,517,517,517
517,32:16.0,51.39590234,8.262401327,518,518,518,518,518
518,32:18.0,51.39590216,8.26240461,519,519,519,519,519
519,32:20.0,51.3959057,8.262436227,520,520,520,520,520
520,32:22.0,51.3959038,8.262446592,521,521,521,521,521
521,32:24.0,51.39589813,8.262452766,522,522,522,522,522
522,32:26.0,51.39589618,8.262464174,523,523,523,523,523
523,32:28.0,51.39589826,8.262474056,524,524,524,524,524
524,32:30.0,51.39590114,8.262477052,525,525,525,525,525
525,32:32.0,51.39590452,8.262487874,526,526,526,526,526
526,32:34.0,51.39590374,8.262506842,527,527,527,527,527
527,32:36.0,51.39589768,8.262536475,528,528,528,528,528
528,32:38.0,51.39589378,8.262548123,529,529,529,529,529
529,32:40.0,51.39589254,8.262549992,530,530,530,530,530
530,32:42.0,51.39589207,8.262548676,531,531,531,531,531
531,32:44.0,51.39589286,8.262522809,532,532,532,532,532
532,32:46.0,51.39591855,8.262371833,533,533,533,533,533
533,32:48.0,51.39591861,8.262380957,534,534,534,534,534
534,32:50.0,51.39591481,8.262382539,535,535,535,535,535
535,32:52.0,51.39591118,8.262387847,536,536,536,536,536
536,32:54.0,51.39590825,8.262397853,537,537,537,537,537
537,32:56.0,51.39590739,8.262413076,538,538,538,538,538
538,32:58.0,51.39590363,8.262419219,539,539,539,539,539
539,33:00.0,51.39590374,8.262437467,540,540,540,540,540
540,33:02.0,51.39589713,8.262445178,541,541,541,541,541
541,33:04.0,51.39589523,8.262452676,542,542,542,542,542
542,33:06.0,51.3958962,8.262475803,543,543,543,543,543
543,33:08.0,51.39589453,8.262484762,544,544,544,544,544
544,33:10.0,51.39588982,8.262492442,545,545,545,545,545
545,33:12.0,51.39588801,8.262507679,546,546,546,546,546
546,33:14.0,51.39589067,8.262545396,547,547,547,547,547
547,33:16.0,51.39588981,8.262552694,548,548,548,548,548
548,33:18.0,51.39588738,8.262557877,549,549,549,549,549
549,33:20.0,51.39588454,8.262560965,550,550,550,550,550
550,33:22.0,51.39588654,8.262576141,551,551,551,551,551
551,33:24.0,51.39588083,8.262576233,552,552,552,552,552
552,33:26.0,51.39587995,8.262583657,553,553,553,553,553
553,33:28.0,51.39588285,8.26259445,554,554,554,554,554
554,33:30.0,51.39588668,8.262598951,555,555,555,555,555
555,33:32.0,51.39588709,8.26260341,556,556,556,556,556
556,33:34.0,51.39588395,8.262618766,557,557,557,557,557
557,33:36.0,51.39588881,8.262635417,558,558,558,558,558
558,33:38.0,51.39588506,8.262643082,559,559,559,559,559
559,33:40.0,51.39588342,8.262655341,560,560,560,560,560
560,33:42.0,51.39588521,8.262667412,561,561,561,561,561
561,33:44.0,51.3958881,8.262673449,562,562,562,562,562
562,33:46.0,51.39588432,8.262676552,563,563,563,563,563
563,33:48.0,51.39588274,8.262683895,564,564,564,564,564
564,33:50.0,51.39588445,8.262697842,565,565,565,565,565
565,33:52.0,51.39588955,8.262710358,566,566,566,566,566
566,33:54.0,51.3958893,8.262712972,567,567,567,567,567
567,33:56.0,51.39588645,8.262713018,568,568,568,568,568
568,33:58.0,51.39588456,8.262714812,569,569,569,569,569
569,34:00.0,51.39588359,8.262718988,570,570,570,570,570
570,34:02.0,51.39588377,8.262740436,571,571,571,571,571
571,34:04.0,51.39588442,8.262754557,572,572,572,572,572
572,34:06.0,51.3958906,8.262798207,573,573,573,573,573
573,34:08.0,51.39588938,8.26280703,574,574,574,574,574
574,34:10.0,51.39588516,8.262810372,575,575,575,575,575
575,34:12.0,51.3958823,8.262810418,576,576,576,576,576
576,34:14.0,51.39588235,8.262818022,577,577,577,577,577
577,34:16.0,51.39588908,8.26282856,578,578,578,578,578
578,34:18.0,51.39588339,8.262831692,579,579,579,579,579
579,34:20.0,51.39588116,8.262842141,580,580,580,580,580
580,34:22.0,51.39588354,8.262856023,581,581,581,581,581
581,34:24.0,51.39588739,8.262862045,582,582,582,582,582
582,34:26.0,51.39588459,8.262871215,583,583,583,583,583
583,34:28.0,51.39589036,8.262881768,584,584,584,584,584
584,34:30.0,51.39588468,8.262884902,585,585,585,585,585
585,34:32.0,51.39588298,8.262892111,586,586,586,586,586
586,34:34.0,51.39588931,8.262918648,587,587,587,587,587
587,34:36.0,51.39588876,8.26292894,588,588,588,588,588
588,34:38.0,51.39588405,8.26293662,589,589,589,589,589
589,34:40.0,51.39588789,8.262942642,590,590,590,590,590
590,34:42.0,51.3958841,8.262944224,591,591,591,591,591
591,34:44.0,51.3958861,8.2629594,592,592,592,592,592
592,34:46.0,51.39588041,8.262962533,593,593,593,593,593
593,34:48.0,51.39587989,8.262967623,594,594,594,594,594
594,34:50.0,51.39588414,8.262983775,595,595,595,595,595
595,34:52.0,51.39588342,8.262988339,596,596,596,596,596
596,34:54.0,51.39587964,8.262991442,597,597,597,597,597
597,34:56.0,51.39587626,8.262999342,598,598,598,598,598
598,34:58.0,51.39587593,8.263006709,599,599,599,599,599
599,35:00.0,51.39588167,8.263012701,600,600,600,600,600
600,35:02.0,51.3958833,8.263020032,601,601,601,601,601
601,35:04.0,51.39588271,8.263026371,602,602,602,602,602
602,35:06.0,51.39587893,8.263030995,603,603,603,603,603
603,35:08.0,51.39587928,8.263034006,604,604,604,604,604
604,35:10.0,51.39588496,8.263042571,605,605,605,605,605
605,35:12.0,51.39588569,8.263046094,606,606,606,606,606
606,35:14.0,51.39588097,8.263052254,607,607,607,607,607
607,35:16.0,51.39588488,8.26306892,608,608,608,608,608
608,35:18.0,51.39588119,8.263087229,609,609,609,609,609
609,35:20.0,51.39588986,8.263103819,610,610,610,610,610
610,35:22.0,51.39588991,8.263111423,611,611,611,611,611
611,35:24.0,51.39588614,8.263117566,612,612,612,612,612
612,35:26.0,51.39588362,8.263131148,613,613,613,613,613
613,35:28.0,51.39588538,8.263147995,614,614,614,614,614
614,35:30.0,51.39589117,8.26316159,615,615,615,615,615
615,35:32.0,51.39588454,8.263166259,616,616,616,616,616
616,35:34.0,51.39588336,8.263171383,617,617,617,617,617
617,35:36.0,51.39588553,8.263188504,618,618,618,618,618
618,35:38.0,51.39588472,8.263195152,619,619,619,619,619
619,35:40.0,51.39588096,8.263201296,620,620,620,620,620
620,35:42.0,51.39588194,8.263205843,621,621,621,621,621
621,35:44.0,51.39588765,8.263207272,622,622,622,622,622
622,35:46.0,51.39588198,8.263213446,623,623,623,623,623
623,35:48.0,51.39588159,8.26321937,624,624,624,624,624
624,35:50.0,51.39588565,8.263235636,625,625,625,625,625
625,35:52.0,51.39588501,8.263240772,626,626,626,626,626
626,35:54.0,51.39588123,8.263245396,627,627,627,627,627
627,35:56.0,51.39587882,8.263251302,628,628,628,628,628
628,35:58.0,51.39587837,8.26325928,629,629,629,629,629
629,36:00.0,51.39588728,8.263303435,630,630,630,630,630
630,36:02.0,51.39588747,8.263312829,631,631,631,631,631
631,36:04.0,51.39588551,8.263319849,632,632,632,632,632
632,36:06.0,51.39587796,8.263330615,633,633,633,633,633
633,36:08.0,51.39588134,8.263347527,634,634,634,634,634
634,36:10.0,51.39588095,8.263351859,635,635,635,635,635
635,36:12.0,51.39587717,8.263356483,636,636,636,636,636
636,36:14.0,51.39587744,8.263359986,637,637,637,637,637
637,36:16.0,51.39588298,8.263371598,638,638,638,638,638
638,36:18.0,51.39588305,8.263382242,639,639,639,639,639
639,36:20.0,51.39587925,8.263383824,640,640,640,640,640
640,36:22.0,51.39588125,8.263399001,641,641,641,641,641
641,36:24.0,51.39587841,8.263402087,642,642,642,642,642
642,36:26.0,51.39588702,8.263409553,643,643,643,643,643
643,36:28.0,51.39588706,8.263415636,644,644,644,644,644
644,36:30.0,51.39588332,8.263426342,645,645,645,645,645
645,36:32.0,51.39588343,8.26344307,646,646,646,646,646
646,36:34.0,51.39587545,8.263458919,647,647,647,647,647
647,36:36.0,51.39587499,8.263462976,648,648,648,648,648
648,36:38.0,51.39588359,8.263468921,649,649,649,649,649
649,36:40.0,51.3958798,8.263472024,650,650,650,650,650
650,36:42.0,51.39587901,8.263478723,651,651,651,651,651
651,36:44.0,51.39588411,8.263498895,652,652,652,652,652
652,36:46.0,51.39588286,8.263503913,653,653,653,653,653
653,36:48.0,51.39588001,8.263505479,654,654,654,654,654
654,36:50.0,51.39587826,8.26350869,655,655,655,655,655
655,36:52.0,51.39587823,8.263514537,656,656,656,656,656
656,36:54.0,51.39588438,8.263544373,657,657,657,657,657
657,36:56.0,51.39588396,8.263548045,658,658,658,658,658
658,36:58.0,51.39588219,8.263549548,659,659,659,659,659
659,37:00.0,51.39587934,8.263549594,660,660,660,660,660
660,37:02.0,51.39587938,8.263555677,661,661,661,661,661
661,37:04.0,51.39588114,8.26356731,662,662,662,662,662
662,37:06.0,51.39588976,8.263598577,663,663,663,663,663
663,37:08.0,51.39588978,8.263605203,664,664,664,664,664
664,37:10.0,51.39588732,8.263608778,665,665,665,665,665
665,37:12.0,51.39588162,8.263610391,666,666,666,666,666
666,37:14.0,51.39588106,8.263614759,667,667,667,667,667
667,37:16.0,51.39588441,8.263629573,668,668,668,668,668
668,37:18.0,51.39588367,8.263633171,669,669,669,669,669
669,37:20.0,51.39587892,8.263634768,670,670,670,670,670
670,37:22.0,51.39588178,8.263634722,671,671,671,671,671
671,37:24.0,51.39588279,8.263643831,672,672,672,672,672
672,37:26.0,51.39587997,8.263649959,673,673,673,673,673
673,37:28.0,51.39588386,8.263663585,674,674,674,674,674
674,37:30.0,51.39588104,8.263668192,675,675,675,675,675
675,37:32.0,51.39588082,8.263673227,676,676,676,676,676
676,37:34.0,51.39588384,8.263686062,677,677,677,677,677
677,37:36.0,51.39588307,8.263689451,678,678,678,678,678
678,37:38.0,51.39587928,8.263691033,679,679,679,679,679
679,37:40.0,51.39587931,8.263695595,680,680,680,680,680
680,37:42.0,51.3958832,8.263709221,681,681,681,681,681
681,37:44.0,51.39588036,8.263712307,682,682,682,682,682
682,37:46.0,51.39588326,8.263718345,683,683,683,683,683
683,37:48.0,51.39588143,8.26373054,684,684,684,684,684
684,37:50.0,51.39588718,8.263738052,685,685,685,685,685
685,37:52.0,51.39588246,8.263742691,686,686,686,686,686
686,37:54.0,51.39588161,8.263748338,687,687,687,687,687
687,37:56.0,51.39588389,8.263764405,688,688,688,688,688
688,37:58.0,51.39588262,8.263768543,689,689,689,689,689
689,38:00.0,51.39587882,8.263770124,690,690,690,690,690
690,38:02.0,51.39587887,8.263777728,691,691,691,691,691
691,38:04.0,51.39588269,8.263780708,692,692,692,692,692
692,38:06.0,51.39588445,8.263788912,693,693,693,693,693
693,38:08.0,51.39588191,8.263806575,694,694,694,694,694
694,38:10.0,51.39588006,8.26381573,695,695,695,695,695
695,38:12.0,51.3958753,8.263814285,696,696,696,696,696
696,38:14.0,51.39587442,8.263826467,697,697,697,697,697
697,38:16.0,51.39587439,8.263821904,698,698,698,698,698
698,38:18.0,51.39587916,8.263823349,699,699,699,699,699
699,38:20.0,51.39587629,8.263821874,700,700,700,700,700
700,38:22.0,51.39587625,8.26381427,701,701,701,701,701
701,38:24.0,51.3958734,8.263815837,702,702,702,702,702
702,38:26.0,51.39587628,8.263820353,703,703,703,703,703
703,38:28.0,51.3958772,8.263814255,704,704,704,704,704
704,38:30.0,51.39588005,8.263814209,705,705,705,705,705
705,38:32.0,51.39588242,8.263820419,706,706,706,706,706
706,38:34.0,51.39588205,8.263829386,707,707,707,707,707
707,38:36.0,51.39587732,8.263829631,708,708,708,708,708
708,38:38.0,51.39587347,8.263826482,709,709,709,709,709
709,38:40.0,51.39587341,8.263817357,710,710,710,710,710
710,38:42.0,51.39587721,8.263815775,711,711,711,711,711
711,38:44.0,51.39587824,8.263827926,712,712,712,712,712
712,38:46.0,51.39588299,8.26382785,713,713,713,713,713
713,38:48.0,51.39588521,8.263821495,714,714,714,714,714
714,38:50.0,51.39588482,8.263815653,715,715,715,715,715
715,38:52.0,51.39588101,8.263815714,716,716,716,716,716
716,38:54.0,51.39587632,8.263826436,717,717,717,717,717
717,38:56.0,51.39587529,8.263812764,718,718,718,718,718
718,38:58.0,51.39587823,8.263826405,719,719,719,719,719
719,39:00.0,51.39588203,8.263826344,720,720,720,720,720
720,39:02.0,51.39588006,8.26381573,721,721,721,721,721
721,39:04.0,51.39587822,8.263824885,722,722,722,722,722
722,39:06.0,51.39587819,8.263820322,723,723,723,723,723
723,39:08.0,51.39588062,8.263821152,724,724,724,724,724
724,39:10.0,51.39588297,8.263824808,725,725,725,725,725
725,39:12.0,51.39588206,8.263830906,726,726,726,726,726
726,39:14.0,51.3958773,8.263830982,727,727,727,727,727
727,39:16.0,51.3958763,8.263837977,728,728,728,728,728
728,39:18.0,51.39587838,8.263850737,729,729,729,729,729
729,39:20.0,51.39587833,8.263843133,730,730,730,730,730
730,39:22.0,51.3958819,8.263840616,731,731,731,731,731
731,39:24.0,51.39588593,8.26384149,732,732,732,732,732
732,39:26.0,51.39588505,8.26385215,733,733,733,733,733
733,39:28.0,51.39588027,8.263849185,734,734,734,734,734
734,39:30.0,51.39588225,8.26386132,735,735,735,735,735
735,39:32.0,51.39588222,8.263856757,736,736,736,736,736
736,39:34.0,51.39588009,8.263854298,737,737,737,737,737
737,39:36.0,51.39587745,8.263853792,738,738,738,738,738
738,39:38.0,51.39587844,8.263861381,739,739,739,739,739
739,39:40.0,51.3958813,8.263861335,740,740,740,740,740
740,39:42.0,51.39588124,8.263852211,741,741,741,741,741
741,39:44.0,51.39588035,8.26386135,742,742,742,742,742
742,39:46.0,51.39588318,8.263858263,743,743,743,743,743
743,39:48.0,51.39588314,8.263852181,744,744,744,744,744
744,39:50.0,51.39587841,8.263855298,745,745,745,745,745
745,39:52.0,51.39588133,8.263859189,746,746,746,746,746
746,39:54.0,51.39588606,8.263861259,747,747,747,747,747
747,39:56.0,51.3958861,8.26385354,748,748,748,748,748
748,39:58.0,51.39588407,8.263847603,749,749,749,749,749
749,40:00.0,51.39587931,8.26384768,750,750,750,750,750
750,40:02.0,51.39588128,8.263858294,751,751,751,751,751
751,40:04.0,51.39588313,8.26385066,752,752,752,752,752
752,40:06.0,51.39588122,8.26384917,753,753,753,753,753
753,40:08.0,51.39587988,8.263850116,754,754,754,754,754
754,40:10.0,51.39587977,8.263855221,755,755,755,755,755
755,40:12.0,51.39588331,8.263878032,756,756,756,756,756
756,40:14.0,51.39588134,8.263867418,757,757,757,757,757
757,40:16.0,51.3958799,8.263868981,758,758,758,758,758
758,40:18.0,51.39587849,8.263879761,759,759,759,759,759
759,40:20.0,51.39587869,8.263900919,760,760,760,760,760
760,40:22.0,51.39588064,8.263908492,761,761,761,761,761
761,40:24.0,51.39587496,8.263911624,762,762,762,762,762
762,40:26.0,51.39587121,8.26392081,763,763,763,763,763
763,40:28.0,51.39587132,8.263939058,764,764,764,764,764
764,40:30.0,51.39586658,8.263942176,765,765,765,765,765
765,40:32.0,51.39587327,8.263946631,766,766,766,766,766
766,40:34.0,51.39586951,8.263954295,767,767,767,767,767
767,40:36.0,51.39586954,8.263958858,768,768,768,768,768
768,40:38.0,51.3958724,8.263958812,769,769,769,769,769
769,40:40.0,51.39587235,8.263951208,770,770,770,770,770
770,40:42.0,51.3958695,8.263951254,771,771,771,771,771
771,40:44.0,51.39587049,8.263958842,772,772,772,772,772
772,40:46.0,51.39586675,8.263968027,773,773,773,773,773
773,40:48.0,51.39586477,8.263955892,774,774,774,774,774
774,40:50.0,51.3958633,8.263968621,775,775,775,775,775
775,40:52.0,51.39586489,8.263975661,776,776,776,776,776
776,40:54.0,51.3958687,8.2639756,777,777,777,777,777
777,40:56.0,51.39587008,8.263970987,778,778,778,778,778
778,40:58.0,51.39586957,8.26396342,779,779,779,779,779
779,41:00.0,51.39586554,8.263957284,780,780,780,780,780
780,41:02.0,51.39586191,8.263955938,781,781,781,781,781
781,41:04.0,51.39586196,8.263963542,782,782,782,782,782
782,41:06.0,51.39586671,8.263961945,783,783,783,783,783
783,41:08.0,51.39586758,8.263949764,784,784,784,784,784
784,41:10.0,51.39587608,8.263938982,785,785,785,785,785
785,41:12.0,51.39587131,8.263937537,786,786,786,786,786
786,41:14.0,51.39586798,8.263941222,787,787,787,787,787
787,41:16.0,51.39586567,8.263948273,788,788,788,788,788
788,41:18.0,51.39586957,8.26396342,789,789,789,789,789
789,41:20.0,51.39586375,8.263945263,790,790,790,790,790
790,41:22.0,51.39586275,8.263961958,791,791,791,791,791
791,41:24.0,51.39586582,8.263972605,792,792,792,792,792
792,41:26.0,51.39586869,8.263974079,793,793,793,793,793
793,41:28.0,51.39586873,8.263967081,794,794,794,794,794
794,41:30.0,51.39586575,8.263960439,795,795,795,795,795
795,41:32.0,51.39586195,8.263962021,796,796,796,796,796
796,41:34.0,51.39586394,8.263975677,797,797,797,797,797
797,41:36.0,51.39586201,8.263971145,798,798,798,798,798
798,41:38.0,51.39585917,8.263972712,799,799,799,799,799
799,41:40.0,51.39586398,8.26398176,800,800,800,800,800
800,41:42.0,51.395865,8.263992389,801,801,801,801,801
801,41:44.0,51.39587258,8.263987705,802,802,802,802,802
802,41:46.0,51.3958736,8.263998334,803,803,803,803,803
803,41:48.0,51.39588219,8.264002759,804,804,804,804,804
804,41:50.0,51.39588328,8.264009553,805,805,805,805,805
805,41:52.0,51.39587933,8.264031262,806,806,806,806,806
806,41:54.0,51.3958805,8.264037765,807,807,807,807,807
807,41:56.0,51.39588434,8.264042266,808,808,808,808,808
808,41:58.0,51.39588908,8.26404067,809,809,809,809,809
809,42:00.0,51.39588243,8.264040776,810,810,810,810,810
810,42:02.0,51.39588532,8.264046813,811,811,811,811,811
811,42:04.0,51.39587776,8.264054539,812,812,812,812,812
812,42:06.0,51.39588352,8.264063571,813,813,813,813,813
813,42:08.0,51.39587591,8.264063693,814,814,814,814,814
814,42:10.0,51.39587596,8.264071297,815,815,815,815,815
815,42:12.0,51.39587882,8.264072495,816,816,816,816,816
816,42:14.0,51.39588167,8.264071205,817,817,817,817,817
817,42:16.0,51.39588162,8.264063602,818,818,818,818,818
818,42:18.0,51.39587876,8.264063647,819,819,819,819,819
819,42:20.0,51.39588261,8.264069669,820,820,820,820,820
820,42:22.0,51.39588255,8.264060545,821,821,821,821,821
821,42:24.0,51.39588931,8.264077166,822,822,822,822,822
822,42:26.0,51.39589081,8.264071009,823,823,823,823,823
823,42:28.0,51.39589112,8.264054818,824,824,824,824,824
824,42:30.0,51.39589008,8.26404427,825,825,825,825,825
825,42:32.0,51.39588814,8.264042205,826,826,826,826,826
826,42:34.0,51.39588438,8.264048349,827,827,827,827,827
827,42:36.0,51.39588227,8.26406161,828,828,828,828,828
828,42:38.0,51.39588453,8.26407268,829,829,829,829,829
829,42:40.0,51.39588931,8.264077166,830,830,830,830,830
830,42:42.0,51.39589116,8.264068011,831,831,831,831,831
831,42:44.0,51.39589215,8.264074079,832,832,832,832,832
832,42:46.0,51.39589433,8.264075018,833,833,833,833,833
833,42:48.0,51.39589976,8.264073956,834,834,834,834,834
834,42:50.0,51.39589692,8.264075523,835,835,835,835,835
835,42:52.0,51.39589644,8.264082372,836,836,836,836,836
836,42:54.0,51.39589891,8.264090699,837,837,837,837,837
837,42:56.0,51.39590076,8.264081545,838,838,838,838,838
838,42:58.0,51.39590366,8.264089103,839,839,839,839,839
839,43:00.0,51.39590551,8.264081468,840,840,840,840,840
840,43:02.0,51.39590932,8.264081407,841,841,841,841,841
841,43:04.0,51.39590938,8.264090532,842,842,842,842,842
842,43:06.0,51.39591122,8.264081377,843,843,843,843,843
843,43:08.0,51.39591603,8.264088904,844,844,844,844,844
844,43:10.0,51.39591695,8.264084326,845,845,845,845,845
845,43:12.0,51.39591698,8.264088889,846,846,846,846,846
846,43:14.0,51.39591982,8.264087322,847,847,847,847,847
847,43:16.0,51.39591979,8.26408276,848,848,848,848,848
848,43:18.0,51.39591694,8.264082806,849,849,849,849,849
849,43:20.0,51.39591698,8.264088889,850,850,850,850,850
850,43:22.0,51.39591938,8.264088605,851,851,851,851,851
851,43:24.0,51.39592267,8.264085755,852,852,852,852,852
852,43:26.0,51.39591886,8.264085817,853,853,853,853,853
853,43:28.0,51.395917,8.26409193,854,854,854,854,854
854,43:30.0,51.39592071,8.264094705,855,855,855,855,855
855,43:32.0,51.39592652,8.264093298,856,856,856,856,856
856,43:34.0,51.39592849,8.264086732,857,857,857,857,857
857,43:36.0,51.39592834,8.264079582,858,858,858,858,858
858,43:38.0,51.39592563,8.264075676,859,859,859,859,859
859,43:40.0,51.39592164,8.264073606,860,860,860,860,860
860,43:42.0,51.39591689,8.264075203,861,861,861,861,861
861,43:44.0,51.39591547,8.264082695,862,862,862,862,862
862,43:46.0,51.39591699,8.264090409,863,863,863,863,863
863,43:48.0,51.39592052,8.264091604,864,864,864,864,864
864,43:50.0,51.39592365,8.264090302,865,865,865,865,865
865,43:52.0,51.3959255,8.264082668,866,866,866,866,866
866,43:54.0,51.39592931,8.264082608,867,867,867,867,867
867,43:56.0,51.39593031,8.264090195,868,868,868,868,868
868,43:58.0,51.39592771,8.264089234,869,869,869,869,869
869,44:00.0,51.39592361,8.264084219,870,870,870,870,870
870,44:02.0,51.39592329,8.26407823,871,871,871,871,871
871,44:04.0,51.39592716,8.264061804,872,872,872,872,872
872,44:06.0,51.3959263,8.264058323,873,873,873,873,873
873,44:08.0,51.39592294,8.264057469,874,874,874,874,874
874,44:10.0,51.39592059,8.264058413,875,875,875,875,875
875,44:12.0,51.39591872,8.264063006,876,876,876,876,876
876,44:14.0,51.39591708,8.264075729,877,877,877,877,877
877,44:16.0,51.39591885,8.264084296,878,878,878,878,878
878,44:18.0,51.39592364,8.26408591,879,879,879,879,879
879,44:20.0,51.39592837,8.264084143,880,880,880,880,880
880,44:22.0,51.39593131,8.26407787,881,881,881,881,881
881,44:24.0,51.39593209,8.264071917,882,882,882,882,882
882,44:26.0,51.39592787,8.264070192,883,883,883,883,883
883,44:28.0,51.39592353,8.264072054,884,884,884,884,884
884,44:30.0,51.39592166,8.264076647,885,885,885,885,885
885,44:32.0,51.3959198,8.264084281,886,886,886,886,886
886,44:34.0,51.39592176,8.26409144,887,887,887,887,887
887,44:36.0,51.39592463,8.264094849,888,888,888,888,888
888,44:38.0,51.39592648,8.264087215,889,889,889,889,889
889,44:40.0,51.3959245,8.264075081,890,890,890,890,890
890,44:42.0,51.39592454,8.264081163,891,891,891,891,891
891,44:44.0,51.39592611,8.264083191,892,892,892,892,892
892,44:46.0,51.39592931,8.264083904,893,893,893,893,893
893,44:48.0,51.395935,8.264080995,894,894,894,894,894
894,44:50.0,51.39593494,8.26407035,895,895,895,895,895
895,44:52.0,51.39592923,8.264070442,896,896,896,896,896
896,44:54.0,51.39592766,8.264074301,897,897,897,897,897
897,44:56.0,51.39592733,8.264081707,898,898,898,898,898
898,44:58.0,51.39592836,8.264088542,899,899,899,899,899
899,45:00.0,51.39593031,8.264091716,900,900,900,900,900
900,45:02.0,51.39593412,8.264091655,901,901,901,901,901
901,45:04.0,51.39593031,8.264091716,902,902,902,902,902
902,45:06.0,51.39592929,8.264079566,903,903,903,903,903
903,45:08.0,51.39592261,8.264076632,904,904,904,904,904
904,45:10.0,51.3959245,8.264075081,905,905,905,905,905
905,45:12.0,51.39592459,8.264088766,906,906,906,906,906
906,45:14.0,51.39592743,8.264091253,907,907,907,907,907
907,45:16.0,51.39593759,8.264091784,908,908,908,908,908
908,45:18.0,51.39593985,8.264094605,909,909,909,909,909
909,45:20.0,51.39593989,8.264102209,910,910,910,910,910
910,45:22.0,51.39594338,8.264108297,911,911,911,911,911
911,45:24.0,51.39595138,8.26411267,912,912,912,912,912
912,45:26.0,51.39596089,8.264112517,913,913,913,913,913
913,45:28.0,51.39595613,8.264112594,914,914,914,914,914
914,45:30.0,51.39595321,8.264101995,915,915,915,915,915
915,45:32.0,51.39594948,8.264112701,916,916,916,916,916
916,45:34.0,51.39595001,8.264102587,917,917,917,917,917
917,45:36.0,51.39595222,8.264095928,918,918,918,918,918
918,45:38.0,51.3959556,8.264094005,919,919,919,919,919
919,45:40.0,51.39595792,8.264094315,920,920,920,920,920
920,45:42.0,51.39595798,8.264103439,921,921,921,921,921
921,45:44.0,51.39596275,8.264104883,922,922,922,922,922
922,45:46.0,51.39595702,8.264101933,923,923,923,923,923
923,45:48.0,51.39595707,8.264109537,924,924,924,924,924
924,45:50.0,51.39596049,8.264113463,925,925,925,925,925
925,45:52.0,51.39597517,8.264113809,926,926,926,926,926
926,45:54.0,51.39598351,8.264118072,927,927,927,927,927
927,45:56.0,51.39598759,8.264122735,928,928,928,928,928
928,45:58.0,51.3959905,8.264131813,929,929,929,929,929
929,46:00.0,51.395995,8.264138249,930,930,930,930,930
930,46:02.0,51.39600093,8.264143148,931,931,931,931,931
931,46:04.0,51.39600572,8.264144487,932,932,932,932,932
932,46:06.0,51.39600865,8.264142168,933,933,933,933,933
933,46:08.0,51.3960105,8.264134534,934,934,934,934,934
934,46:10.0,51.39601534,8.264148144,935,935,935,935,935
935,46:12.0,51.39602011,8.264149588,936,936,936,936,936
936,46:14.0,51.39602008,8.264145026,937,937,937,937,937
937,46:16.0,51.39602389,8.264144965,938,938,938,938,938
938,46:18.0,51.39603253,8.264158514,939,939,939,939,939
939,46:20.0,51.39603741,8.264147198,940,940,940,940,940
940,46:22.0,51.39603821,8.264141218,941,941,941,941,941
941,46:24.0,51.39603717,8.264138669,942,942,942,942,942
942,46:26.0,51.39603431,8.264138715,943,943,943,943,943
943,46:28.0,51.39603438,8.264149359,944,944,944,944,944
944,46:30.0,51.39603075,8.264146208,945,945,945,945,945
945,46:32.0,51.39602862,8.264141848,946,946,946,946,946
946,46:34.0,51.39603243,8.264141787,947,947,947,947,947
947,46:36.0,51.39603153,8.264150926,948,948,948,948,948
948,46:38.0,51.39603437,8.264147838,949,949,949,949,949
949,46:40.0,51.39603151,8.264147884,950,950,950,950,950
950,46:42.0,51.39603243,8.264141787,951,951,951,951,951
951,46:44.0,51.39602959,8.264144873,952,952,952,952,952
952,46:46.0,51.39602671,8.264140358,953,953,953,953,953
953,46:48.0,51.39603051,8.264138776,954,954,954,954,954
954,46:50.0,51.39603054,8.264143338,955,955,955,955,955
955,46:52.0,51.39603049,8.264135734,956,956,956,956,956
956,46:54.0,51.39602865,8.264146409,957,957,957,957,957
957,46:56.0,51.39602667,8.264134275,958,958,958,958,958
958,46:58.0,51.39602868,8.264150972,959,959,959,959,959
959,47:00.0,51.39602767,8.264141863,960,960,960,960,960
960,47:02.0,51.39602194,8.264137393,961,961,961,961,961
961,47:04.0,51.39601702,8.264136533,962,962,962,962,962
962,47:06.0,51.39600542,8.264139235,963,963,963,963,963
963,47:08.0,51.39600101,8.264137728,964,964,964,964,964
964,47:10.0,51.39599469,8.264125799,965,965,965,965,965
965,47:12.0,51.39599236,8.264124179,966,966,966,966,966
966,47:14.0,51.3959867,8.264131874,967,967,967,967,967
967,47:16.0,51.39598567,8.264119724,968,968,968,968,968
968,47:18.0,51.39597904,8.264124393,969,969,969,969,969
969,47:20.0,51.3959704,8.264112365,970,970,970,970,970
970,47:22.0,51.39596186,8.264115544,971,971,971,971,971
971,47:24.0,51.39595707,8.264109537,972,972,972,972,972
972,47:26.0,51.39595041,8.264109644,973,973,973,973,973
973,47:28.0,51.39594941,8.264102056,974,974,974,974,974
974,47:30.0,51.39594467,8.264105174,975,975,975,975,975
975,47:32.0,51.39594077,8.264090028,976,976,976,976,976
976,47:34.0,51.39593892,8.264099182,977,977,977,977,977
977,47:36.0,51.39593504,8.264087077,978,978,978,978,978
978,47:38.0,51.39592747,8.264093283,979,979,979,979,979
979,47:40.0,51.39592457,8.264085725,980,980,980,980,980
980,47:42.0,51.39592079,8.264090348,981,981,981,981,981
981,47:44.0,51.39591693,8.264081285,982,982,982,982,982
982,47:46.0,51.39591029,8.264084433,983,983,983,983,983
983,47:48.0,51.39590454,8.264078442,984,984,984,984,984
984,47:50.0,51.39590174,8.264086092,985,985,985,985,985
985,47:52.0,51.39589404,8.264072527,986,986,986,986,986
986,47:54.0,51.39589119,8.264072573,987,987,987,987,987
987,47:56.0,51.39589122,8.264077135,988,988,988,988,988
988,47:58.0,51.39588804,8.264078206,989,989,989,989,989
989,48:00.0,51.39588264,8.264074232,990,990,990,990,990
990,48:02.0,51.39587972,8.264063632,991,991,991,991,991
991,48:04.0,51.39588201,8.264042262,992,992,992,992,992
992,48:06.0,51.39588145,8.26403623,993,993,993,993,993
993,48:08.0,51.39587663,8.264027182,994,994,994,994,994
994,48:10.0,51.39588132,8.26401646,995,995,995,995,995
995,48:12.0,51.39588319,8.264007564,996,996,996,996,996
996,48:14.0,51.39588305,8.263996524,997,997,997,997,997
997,48:16.0,51.39587489,8.263947093,998,998,998,998,998
998,48:18.0,51.39587543,8.263937473,999,999,999,999,999
999,48:20.0,51.39587792,8.263929827,1000,1000,1000,1000,1000
1000,48:22.0,51.39588263,8.263922147,1001,1001,1001,1001,1001
1001,48:24.0,51.39588419,8.263911174,1002,1002,1002,1002,1002
1002,48:26.0,51.39588251,8.263902378,1003,1003,1003,1003,1003
1003,48:28.0,51.39587772,8.263897892,1004,1004,1004,1004,1004
1004,48:30.0,51.39587765,8.263885727,1005,1005,1005,1005,1005
1005,48:32.0,51.39588376,8.263860554,1006,1006,1006,1006,1006
1006,48:34.0,51.3958841,8.263852166,1007,1007,1007,1007,1007
1007,48:36.0,51.39587541,8.263832533,1008,1008,1008,1008,1008
1008,48:38.0,51.39587624,8.263826447,1009,1009,1009,1009,1009
1009,48:40.0,51.39588287,8.263808081,1010,1010,1010,1010,1010
1010,48:42.0,51.39588421,8.263793436,1011,1011,1011,1011,1011
1011,48:44.0,51.39588272,8.26378527,1012,1012,1012,1012,1012
1012,48:46.0,51.39587698,8.263779279,1013,1013,1013,1013,1013
1013,48:48.0,51.39588454,8.263771554,1014,1014,1014,1014,1014
1014,48:50.0,51.3958864,8.26376392,1015,1015,1015,1015,1015
1015,48:52.0,51.39588333,8.26373051,1016,1016,1016,1016,1016
1016,48:54.0,51.39588705,8.263716763,1017,1017,1017,1017,1017
1017,48:56.0,51.39588314,8.263700096,1018,1018,1018,1018,1018
1018,48:58.0,51.3958822,8.263685732,1019,1019,1019,1019,1019
1019,49:00.0,51.39588412,8.26365267,1020,1020,1020,1020,1020
1020,49:02.0,51.39588276,8.263639269,1021,1021,1021,1021,1021
1021,49:04.0,51.39587887,8.263625644,1022,1022,1022,1022,1022
1022,49:06.0,51.3958788,8.263614999,1023,1023,1023,1023,1023
1023,49:08.0,51.39588537,8.263601206,1024,1024,1024,1024,1024
1024,49:10.0,51.39588529,8.263587519,1025,1025,1025,1025,1025
1025,49:12.0,51.39588046,8.263576951,1026,1026,1026,1026,1026
1026,49:14.0,51.39588421,8.263567766,1027,1027,1027,1027,1027
1027,49:16.0,51.39588571,8.263556728,1028,1028,1028,1028,1028
1028,49:18.0,51.39588496,8.263535816,1029,1029,1029,1029,1029
1029,49:20.0,51.39588073,8.263505125,1030,1030,1030,1030,1030
1030,49:22.0,51.39588184,8.263493283,1031,1031,1031,1031,1031
1031,49:24.0,51.39589032,8.26347946,1032,1032,1032,1032,1032
1032,49:26.0,51.39589552,8.263458172,1033,1033,1033,1033,1033
1033,49:28.0,51.39589683,8.2634323,1034,1034,1034,1034,1034
1034,49:30.0,51.39589375,8.26341464,1035,1035,1035,1035,1035
1035,49:32.0,51.3958908,8.263409871,1036,1036,1036,1036,1036
1036,49:34.0,51.39588701,8.263408033,1037,1037,1037,1037,1037
1037,49:36.0,51.39588416,8.263408079,1038,1038,1038,1038,1038
1038,49:38.0,51.39588313,8.263403777,1039,1039,1039,1039,1039
1039,49:40.0,51.39588409,8.263397434,1040,1040,1040,1040,1040
1040,49:42.0,51.39588978,8.263394301,1041,1041,1041,1041,1041
1041,49:44.0,51.39588971,8.263383656,1042,1042,1042,1042,1042
1042,49:46.0,51.39588587,8.263377635,1043,1043,1043,1043,1043
1043,49:48.0,51.39588492,8.263372091,1044,1044,1044,1044,1044
1044,49:50.0,51.39588572,8.263353304,1045,1045,1045,1045,1045
1045,49:52.0,51.39588184,8.263341199,1046,1046,1046,1046,1046
1046,49:54.0,51.3958904,8.263341062,1047,1047,1047,1047,1047
1047,49:56.0,51.39589168,8.263333823,1048,1048,1048,1048,1048
1048,49:58.0,51.39589029,8.263324334,1049,1049,1049,1049,1049
1049,50:00.0,51.39588645,8.263318313,1050,1050,1050,1050,1050
1050,50:02.0,51.39588044,8.263300511,1051,1051,1051,1051,1051
1051,50:04.0,51.39588004,8.263293832,1052,1052,1052,1052,1052
1052,50:06.0,51.39588151,8.263289496,1053,1053,1053,1053,1053
1053,50:08.0,51.3958853,8.263286393,1054,1054,1054,1054,1054
1054,50:10.0,51.39588526,8.26328031,1055,1055,1055,1055,1055
1055,50:12.0,51.39588287,8.263273984,1056,1056,1056,1056,1056
1056,50:14.0,51.39587473,8.26326291,1057,1057,1057,1057,1057
1057,50:16.0,51.39587467,8.263260709,1058,1058,1058,1058,1058
1058,50:18.0,51.39588133,8.263260602,1059,1059,1059,1059,1059
1059,50:20.0,51.39588348,8.263255015,1060,1060,1060,1060,1060
1060,50:22.0,51.39588099,8.263231432,1061,1061,1061,1061,1061
1061,50:24.0,51.39588204,8.26322257,1062,1062,1062,1062,1062
1062,50:26.0,51.39588959,8.263211803,1063,1063,1063,1063,1063
1063,50:28.0,51.3958829,8.263207348,1064,1064,1064,1064,1064
1064,50:30.0,51.39588566,8.263192096,1065,1065,1065,1065,1065
1065,50:32.0,51.39588558,8.26317993,1066,1066,1066,1066,1066
1066,50:34.0,51.39588173,8.263172388,1067,1067,1067,1067,1067
1067,50:36.0,51.39588552,8.263170806,1068,1068,1068,1068,1068
1068,50:38.0,51.39588749,8.263168072,1069,1069,1069,1069,1069
1069,50:40.0,51.39588787,8.263163344,1070,1070,1070,1070,1070
1070,50:42.0,51.39588184,8.263134963,1071,1071,1071,1071,1071
1071,50:44.0,51.39588237,8.26312371,1072,1072,1072,1072,1072
1072,50:46.0,51.39588519,8.263117581,1073,1073,1073,1073,1073
1073,50:48.0,51.39588136,8.263114602,1074,1074,1074,1074,1074
1074,50:50.0,51.3958813,8.263103957,1075,1075,1075,1075,1075
1075,50:52.0,51.3958869,8.263087137,1076,1076,1076,1076,1076
1076,50:54.0,51.39588026,8.263073854,1077,1077,1077,1077,1077
1077,50:56.0,51.39588013,8.263070517,1078,1078,1078,1078,1078
1078,50:58.0,51.39588392,8.263067414,1079,1079,1079,1079,1079
1079,51:00.0,51.39588487,8.263062027,1080,1080,1080,1080,1080
1080,51:02.0,51.39588017,8.263042885,1081,1081,1081,1081,1081
1081,51:04.0,51.39588088,8.263037046,1082,1082,1082,1082,1082
1082,51:06.0,51.39588752,8.263033899,1083,1083,1083,1083,1083
1083,51:08.0,51.39588959,8.263029303,1084,1084,1084,1084,1084
1084,51:10.0,51.39589027,8.26302173,1085,1085,1085,1085,1085
1085,51:12.0,51.39588732,8.263003484,1086,1086,1086,1086,1086
1086,51:14.0,51.39588347,8.262995942,1087,1087,1087,1087,1087
1087,51:16.0,51.39588341,8.262986818,1088,1088,1088,1088,1088
1088,51:18.0,51.39588506,8.26298449,1089,1089,1089,1089,1089
1089,51:20.0,51.39589194,8.262980597,1090,1090,1090,1090,1090
1090,51:22.0,51.3958941,8.262974417,1091,1091,1091,1091,1091
1091,51:24.0,51.39589428,8.262965015,1092,1092,1092,1092,1092
1092,51:26.0,51.39588882,8.262939585,1093,1093,1093,1093,1093
1093,51:28.0,51.39588013,8.262925708,1094,1094,1094,1094,1094
1094,51:30.0,51.39588016,8.262922995,1095,1095,1095,1095,1095
1095,51:32.0,51.39588301,8.262922949,1096,1096,1096,1096,1096
1096,51:34.0,51.39588681,8.26291831,1097,1097,1097,1097,1097
1097,51:36.0,51.39588958,8.262907635,1098,1098,1098,1098,1098
1098,51:38.0,51.3958895,8.262895469,1099,1099,1099,1099,1099
1099,51:40.0,51.39588303,8.262882371,1100,1100,1100,1100,1100
1100,51:42.0,51.39588273,8.262878849,1101,1101,1101,1101,1101
1101,51:44.0,51.39588841,8.262874195,1102,1102,1102,1102,1102
1102,51:46.0,51.3958885,8.262868037,1103,1103,1103,1103,1103
1103,51:48.0,51.39588197,8.26285023,1104,1104,1104,1104,1104
1104,51:50.0,51.39588252,8.262845394,1105,1105,1105,1105,1105
1105,51:52.0,51.39588726,8.262842276,1106,1106,1106,1106,1106
1106,51:54.0,51.39588937,8.262838293,1107,1107,1107,1107,1107
1107,51:56.0,51.39588981,8.262832081,1108,1108,1108,1108,1108
1108,51:58.0,51.39588508,8.262798207,1109,1109,1109,1109,1109
1109,52:00.0,51.3958879,8.262776488,1110,1110,1110,1110,1110
1110,52:02.0,51.39588774,8.262767747,1111,1111,1111,1111,1111
1111,52:04.0,51.39588385,8.262754122,1112,1112,1112,1112,1112
1112,52:06.0,51.39588858,8.262749483,1113,1113,1113,1113,1113
1113,52:08.0,51.39589058,8.262744339,1114,1114,1114,1114,1114
1114,52:10.0,51.39589121,8.262736891,1115,1115,1115,1115,1115
1115,52:12.0,51.39588837,8.262716029,1116,1116,1116,1116,1116
1116,52:14.0,51.39588353,8.262702419,1117,1117,1117,1117,1117
1117,52:16.0,51.3958844,8.262690238,1118,1118,1118,1118,1118
1118,52:18.0,51.39589103,8.262685569,1119,1119,1119,1119,1119
1119,52:20.0,51.395891,8.262681007,1120,1120,1120,1120,1120
1120,52:22.0,51.39588902,8.262667351,1121,1121,1121,1121,1121
1121,52:24.0,51.39587823,8.262646551,1122,1122,1122,1122,1122
1122,52:26.0,51.39587839,8.262641668,1123,1123,1123,1123,1123
1123,52:28.0,51.39588314,8.262640071,1124,1124,1124,1124,1124
1124,52:30.0,51.39588592,8.26262938,1125,1125,1125,1125,1125
1125,52:32.0,51.39588384,8.262600518,1126,1126,1126,1126,1126
1126,52:34.0,51.39588565,8.262586801,1127,1127,1127,1127,1127
1127,52:36.0,51.39588137,8.262572848,1128,1128,1128,1128,1128
1128,52:38.0,51.39588174,8.262570134,1129,1129,1129,1129,1129
1129,52:40.0,51.39588555,8.262570073,1130,1130,1130,1130,1130
1130,52:42.0,51.39588362,8.262565541,1131,1131,1131,1131,1131
1131,52:44.0,51.39588836,8.262563944,1132,1132,1132,1132,1132
1132,52:46.0,51.39589304,8.262551703,1133,1133,1133,1133,1133
1133,52:48.0,51.39589381,8.262539404,1134,1134,1134,1134,1134
1134,52:50.0,51.39588933,8.262509698,1135,1135,1135,1135,1135
1135,52:52.0,51.39589081,8.26249851,1136,1136,1136,1136,1136
1136,52:54.0,51.39589362,8.262492381,1137,1137,1137,1137,1137
1137,52:56.0,51.39589393,8.262470563,1138,1138,1138,1138,1138
1138,52:58.0,51.39589535,8.262464977,1139,1139,1139,1139,1139
1139,53:00.0,51.39589913,8.262460354,1140,1140,1140,1140,1140
1140,53:02.0,51.39589994,8.262437528,1141,1141,1141,1141,1141
1141,53:04.0,51.39590562,8.262432875,1142,1142,1142,1142,1142
1142,53:06.0,51.39590837,8.262416101,1143,1143,1143,1143,1143
1143,53:08.0,51.39591309,8.262411463,1144,1144,1144,1144,1144
1144,53:10.0,51.39591465,8.262404383,1145,1145,1145,1145,1145
1145,53:12.0,51.39591327,8.262384485,1146,1146,1146,1146,1146
1146,53:14.0,51.39591479,8.262379498,1147,1147,1147,1147,1147
1147,53:16.0,51.39592132,8.262375625,1148,1148,1148,1148,1148
1148,53:18.0,51.39592429,8.262376303,1149,1149,1149,1149,1149
1149,53:20.0,51.39592241,8.262380896,1150,1150,1150,1150,1150
1150,53:22.0,51.39592623,8.262382356,1151,1151,1151,1151,1151
1151,53:24.0,51.39592616,8.262371711,1152,1152,1152,1152,1152
1152,53:26.0,51.39592528,8.262382371,1153,1153,1153,1153,1153
1153,53:28.0,51.39592428,8.262374783,1154,1154,1154,1154,1154
1154,53:30.0,51.39591889,8.262370892,1155,1155,1155,1155,1155
1155,53:32.0,51.39591473,8.262370625,1156,1156,1156,1156,1156
1156,53:34.0,51.39591284,8.262371925,1157,1157,1157,1157,1157
1157,53:36.0,51.39591767,8.262382493,1158,1158,1158,1158,1158
1158,53:38.0,51.39591677,8.262391632,1159,1159,1159,1159,1159
1159,53:40.0,51.39592027,8.262393924,1160,1160,1160,1160,1160
1160,53:42.0,51.39592439,8.262393031,1161,1161,1161,1161,1161
1161,53:44.0,51.39592528,8.262387402,1162,1162,1162,1162,1162
1162,53:46.0,51.39592432,8.262380866,1163,1163,1163,1163,1163
1163,53:48.0,51.39592163,8.262377939,1164,1164,1164,1164,1164
1164,53:50.0,51.39591763,8.26237641,1165,1165,1165,1165,1165
1165,53:52.0,51.39591624,8.262378681,1166,1166,1166,1166,1166
1166,53:54.0,51.3959158,8.262385289,1167,1167,1167,1167,1167
1167,53:56.0,51.39591781,8.262405304,1168,1168,1168,1168,1168
1168,53:58.0,51.39591789,8.262390943,1169,1169,1169,1169,1169
1169,54:00.0,51.39591959,8.262385504,1170,1170,1170,1170,1170
1170,54:02.0,51.3959253,8.262385413,1171,1171,1171,1171,1171
1171,54:04.0,51.39592527,8.26238085,1172,1172,1172,1172,1172
1172,54:06.0,51.39592146,8.262380912,1173,1173,1173,1173,1173
1173,54:08.0,51.39591996,8.262388064,1174,1174,1174,1174,1174
1174,54:10.0,51.39592155,8.262394597,1175,1175,1175,1175,1175
1175,54:12.0,51.3959244,8.262394552,1176,1176,1176,1176,1176
1176,54:14.0,51.3959234,8.262386964,1177,1177,1177,1177,1177
1177,54:16.0,51.39591945,8.262381459,1178,1178,1178,1178,1178
1178,54:18.0,51.39591479,8.262379498,1179,1179,1179,1179,1179
1179,54:20.0,51.39591243,8.262390113,1180,1180,1180,1180,1180
1180,54:22.0,51.39591396,8.262397761,1181,1181,1181,1181,1181
1181,54:24.0,51.39591681,8.262397715,1182,1182,1182,1182,1182
1182,54:26.0,51.39591675,8.262388592,1183,1183,1183,1183,1183
1183,54:28.0,51.39591277,8.262385395,1184,1184,1184,1184,1184
1184,54:30.0,51.39590817,8.262385688,1185,1185,1185,1185,1185
1185,54:32.0,51.39590874,8.262392766,1186,1186,1186,1186,1186
1186,54:34.0,51.3959111,8.262397807,1187,1187,1187,1187,1187
1187,54:36.0,51.39591491,8.262397746,1188,1188,1188,1188,1188
1188,54:38.0,51.39591488,8.262393184,1189,1189,1189,1189,1189
1189,54:40.0,51.39591303,8.262400818,1190,1190,1190,1190,1190
1190,54:42.0,51.39591535,8.262404262,1191,1191,1191,1191,1191
1191,54:44.0,51.39592258,8.262406748,1192,1192,1192,1192,1192
1192,54:46.0,51.39592981,8.262408246,1193,1193,1193,1193,1193
1193,54:48.0,51.39593304,8.26240658,1194,1194,1194,1194,1194
1194,54:50.0,51.39593351,8.262399704,1195,1195,1195,1195,1195
1195,54:52.0,51.395932,8.262392909,1196,1196,1196,1196,1196
1196,54:54.0,51.39592628,8.262389606,1197,1197,1197,1197,1197
1197,54:56.0,51.39592368,8.262389887,1198,1198,1198,1198,1198
1198,54:58.0,51.39592248,8.262391541,1199,1199,1199,1199,1199
1199,55:00.0,51.39592251,8.262396103,1200,1200,1200,1200,1200
1200,55:02.0,51.39592539,8.262397035,1201,1201,1201,1201,1201
1201,55:04.0,51.39592916,8.262394475,1202,1202,1202,1202,1202
1202,55:06.0,51.39592814,8.262383846,1203,1203,1203,1203,1203
1203,55:08.0,51.39592337,8.262382402,1204,1204,1204,1204,1204
1204,55:10.0,51.39592248,8.262391541,1205,1205,1205,1205,1205
1205,55:12.0,51.39592253,8.262399144,1206,1206,1206,1206,1206
1206,55:14.0,51.39592519,8.262400981,1207,1207,1207,1207,1207
1207,55:16.0,51.39592825,8.262400573,1208,1208,1208,1208,1208
1208,55:18.0,51.39592818,8.262389928,1209,1209,1209,1209,1209
1209,55:20.0,51.39592547,8.26238895,1210,1210,1210,1210,1210
1210,55:22.0,51.39592247,8.26239002,1211,1211,1211,1211,1211
1211,55:24.0,51.39592023,8.262396305,1212,1212,1212,1212,1212
1212,55:26.0,51.39592064,8.262400696,1213,1213,1213,1213,1213
1213,55:28.0,51.39592254,8.262400665,1214,1214,1214,1214,1214
1214,55:30.0,51.39592059,8.262393092,1215,1215,1215,1215,1215
1215,55:32.0,51.39591707,8.262391746,1216,1216,1216,1216,1216
1216,55:34.0,51.39590658,8.262396495,1217,1217,1217,1217,1217
1217,55:36.0,51.39590443,8.262394873,1218,1218,1218,1218,1218
1218,55:38.0,51.39590437,8.262385749,1219,1219,1219,1219,1219
1219,55:40.0,51.3959086,8.262383386,1220,1220,1220,1220,1220
1220,55:42.0,51.39591483,8.262385581,1221,1221,1221,1221,1221
1221,55:44.0,51.39591781,8.262405304,1222,1222,1222,1222,1222
1222,55:46.0,51.39592132,8.262406184,1223,1223,1223,1223,1223
1223,55:48.0,51.39592447,8.262405197,1224,1224,1224,1224,1224
1224,55:50.0,51.39592626,8.2623958,1225,1225,1225,1225,1225
1225,55:52.0,51.39592436,8.262386949,1226,1226,1226,1226,1226
1226,55:54.0,51.39591865,8.26238704,1227,1227,1227,1227,1227
1227,55:56.0,51.39591669,8.262393068,1228,1228,1228,1228,1228
1228,55:58.0,51.39591691,8.262412922,1229,1229,1229,1229,1229
1229,56:00.0,51.39591387,8.262407848,1230,1230,1230,1230,1230
1230,56:02.0,51.39590983,8.262395521,1231,1231,1231,1231,1231
1231,56:04.0,51.39590827,8.262386816,1232,1232,1232,1232,1232
1232,56:06.0,51.39590911,8.262382631,1233,1233,1233,1233,1233
1233,56:08.0,51.39591432,8.262381116,1234,1234,1234,1234,1234
1234,56:10.0,51.39591862,8.262382478,1235,1235,1235,1235,1235
1235,56:12.0,51.39592158,8.26239916,1236,1236,1236,1236,1236
1236,56:14.0,51.39592429,8.262392826,1237,1237,1237,1237,1237
1237,56:16.0,51.39592436,8.262388469,1238,1238,1238,1238,1238
1238,56:18.0,51.39592245,8.262386979,1239,1239,1239,1239,1239
1239,56:20.0,51.39592248,8.262391541,1240,1240,1240,1240,1240
1240,56:22.0,51.39592533,8.262391495,1241,1241,1241,1241,1241
1241,56:24.0,51.39592529,8.262383892,1242,1242,1242,1242,1242
1242,56:26.0,51.39592146,8.262380912,1243,1243,1243,1243,1243
1243,56:28.0,51.39591952,8.262389837,1244,1244,1244,1244,1244
1244,56:30.0,51.39592158,8.26239916,1245,1245,1245,1245,1245
1245,56:32.0,51.39592538,8.262399099,1246,1246,1246,1246,1246
1246,56:34.0,51.3959261,8.262393672,1247,1247,1247,1247,1247
1247,56:36.0,51.39592436,8.262386949,1248,1248,1248,1248,1248
1248,56:38.0,51.39592083,8.262384896,1249,1249,1249,1249,1249
1249,56:40.0,51.39591864,8.26238552,1250,1250,1250,1250,1250
1250,56:42.0,51.39591962,8.262390066,1251,1251,1251,1251,1251
1251,56:44.0,51.39591579,8.262387086,1252,1252,1252,1252,1252
1252,56:46.0,51.39592342,8.262390005,1253,1253,1253,1253,1253
1253,56:48.0,51.39592147,8.262382432,1254,1254,1254,1254,1254
1254,56:50.0,51.39591864,8.26238552,1255,1255,1255,1255,1255
1255,56:52.0,51.39592247,8.26239002,1256,1256,1256,1256,1256
1256,56:54.0,51.39592243,8.262383938,1257,1257,1257,1257,1257
1257,56:56.0,51.39591863,8.262383999,1258,1258,1258,1258,1258
1258,56:58.0,51.39591868,8.262391602,1259,1259,1259,1259,1259
1259,57:00.0,51.39592249,8.262393061,1260,1260,1260,1260,1260
1260,57:02.0,51.3959215,8.262386995,1261,1261,1261,1261,1261
1261,57:04.0,51.39592152,8.262390035,1262,1262,1262,1262,1262
1262,57:06.0,51.39592436,8.262386949,1263,1263,1263,1263,1263
1263,57:08.0,51.39591866,8.262388561,1264,1264,1264,1264,1264
1264,57:10.0,51.39591862,8.262382478,1265,1265,1265,1265,1265
1265,57:12.0,51.39591676,8.262390113,1266,1266,1266,1266,1266
1266,57:14.0,51.39591479,8.262379498,1267,1267,1267,1267,1267
1267,57:16.0,51.39591083,8.262376872,1268,1268,1268,1268,1268
1268,57:18.0,51.39589579,8.262381974,1269,1269,1269,1269,1269
1269,57:20.0,51.39589326,8.26238171,1270,1270,1270,1270,1270
1270,57:22.0,51.39589196,8.262379865,1271,1271,1271,1271,1271
1271,57:24.0,51.3958928,8.262361601,1272,1272,1272,1272,1272
1272,57:26.0,51.39588712,8.262366255,1273,1273,1273,1273,1273
1273,57:28.0,51.3958837,8.262375796,1274,1274,1274,1274,1274
1274,57:30.0,51.39588158,8.262392199,1275,1275,1275,1275,1275
1275,57:32.0,51.39588621,8.262372354,1276,1276,1276,1276,1276
1276,57:34.0,51.39588625,8.262378437,1277,1277,1277,1277,1277
1277,57:36.0,51.39589006,8.262379895,1278,1278,1278,1278,1278
1278,57:38.0,51.39588718,8.26237538,1279,1279,1279,1279,1279
1279,57:40.0,51.39588529,8.262378452,1280,1280,1280,1280,1280
1280,57:42.0,51.3958862,8.262370833,1281,1281,1281,1281,1281
1281,57:44.0,51.39588334,8.262370879,1282,1282,1282,1282,1282
1282,57:46.0,51.39588338,8.262376962,1283,1283,1283,1283,1283
1283,57:48.0,51.39588815,8.262378405,1284,1284,1284,1284,1284
1284,57:50.0,51.39588624,8.262376916,1285,1285,1285,1285,1285
1285,57:52.0,51.39588629,8.262386039,1286,1286,1286,1286,1286
1286,57:54.0,51.39589011,8.262387499,1287,1287,1287,1287,1287
1287,57:56.0,51.39589006,8.262379895,1288,1288,1288,1288,1288
1288,57:58.0,51.39588719,8.262376901,1289,1289,1289,1289,1289
1289,58:00.0,51.39588725,8.262387545,1290,1290,1290,1290,1290
1290,58:02.0,51.39588814,8.262376885,1291,1291,1291,1291,1291
1291,58:04.0,51.39588528,8.26237541,1292,1292,1292,1292,1292
1292,58:06.0,51.39588627,8.262382998,1293,1293,1293,1293,1293
1293,58:08.0,51.39588912,8.262381431,1294,1294,1294,1294,1294
1294,58:10.0,51.39592092,8.262354309,1295,1295,1295,1295,1295